packet_rate,byte_rate,syn_count,ack_count,unique_source_ips,error_rate,avg_packet_size,connection_duration,label
1747.2051712803293,523938.2455218205,800.6315445477011,66.10504240801778,299.6280334912106,0.13029408451004132,241.53630939879534,13.580272258497903,1
2364.5003203935385,801173.7191374195,935.1969628707908,46.36652158731859,61.79105777440367,0.10898528488373657,167.6481080971908,12.577661425186795,1
200.69926109326462,55831.08135657743,23.420034574210213,278.76784146771274,14.137390070080079,0.010114245153613128,511.5812682922093,69.56802811117274,0
2166.391702357894,1156267.7219412397,943.4000869431198,24.609324054955994,432.77848811331125,0.07220756565888993,303.01934263120353,13.010777190450415,1
2718.0417862947324,810014.6182209328,573.2700296958749,50.05231250173398,477.6950842838193,0.12762536501214425,252.98283251795374,2.548567050440507,1
126.45968527486711,54119.71582126754,18.25031963285822,182.83978861699794,13.070806126941893,0.017360561337383746,484.3208209304245,124.01337159348465,0
2096.7633580059464,955752.2006373992,852.2023025996201,0.0,478.0830548761419,0.02,136.10582918258692,3.521135605963903,1
1568.7997916875372,875178.6834362184,905.6640646557753,28.59942656895504,220.8759181741948,0.16586712326221872,227.46534992656217,5.09416914291713,1
2474.7497159435275,1008379.8958798061,479.24556894866004,74.86386140482043,456.38593138512664,0.20849418072877246,87.78528528835511,12.960675406115666,1
272.2562978463267,31536.629888795196,34.21075938069784,254.1145989975429,17.30371005059232,0.009144273202113747,465.784766449958,89.91161073427776,0
2241.816159652944,942138.435112181,829.1997517128307,80.47160560937729,395.2583584634921,0.20796078512806104,232.14898125738415,10.747399652351694,1
211.8867801166139,58045.70301584837,37.06767640418973,206.72791374230525,17.50232262492559,0.007857554566290897,662.9198014808891,105.19283957519718,0
274.2459393366926,43557.91749613552,2.2505695542127313,162.10145447174074,16.01583238370519,0.0,385.62842220257113,101.11921546871937,0
1845.0061071366556,932024.0576101312,1044.4752525332256,32.53552980926979,315.45032491277726,0.21438364177128966,189.58660318426126,9.451302012579834,1
1828.1070660210112,918267.2825438564,832.9647261411948,35.05760517505054,385.8027244149099,0.21406264167141908,201.6072553152379,12.362596507334306,1
1996.3518189894899,735457.2917277585,1068.0774666053437,20.110808261720983,288.62567628921846,0.2737755561647762,199.5103482174515,9.169397120852638,1
214.29130698012713,64736.11392253096,33.723423428665185,104.56953557715488,11.4379756332392,0.0,474.34744426573997,186.93735925083607,0
2173.8831475081593,873167.6968628322,817.9976938217666,82.28336800154075,293.4302611359556,0.12897767812962713,247.23737639474336,11.828047317167963,1
2796.2759177584157,865085.6229589407,1085.2156244425364,88.98478840161468,386.3648001264604,0.08112464685692777,132.88684287873485,9.008577059724589,1
1903.7167816749097,763411.5863528079,912.8097730487142,81.95394117906335,213.88248853408223,0.14476712339567013,172.50596115084127,19.290888084691048,1
138.25934565442606,57903.93476966172,0.0,183.90373043407254,24.46084415199803,0.0,500.05302075330997,78.49253249317209,0
2074.6192223415915,773250.866480602,770.5027220015584,75.17692822364697,87.05810933615788,0.1021576513188507,111.91949291925185,8.420291654190988,1
181.77808738677695,52342.983603768975,23.75257478166736,195.54206725116862,17.538308844443588,0.024915665164487663,457.9155153994726,200.7244222702313,0
2110.2291595850184,827457.4401225703,646.3170797021935,24.693617982814782,270.7041749368715,0.16952632494835077,103.62377643336927,6.660789714413182,1
2289.295832876912,976129.9018466226,774.5568418280254,15.576892527448365,310.0270699039255,0.07647722378092107,237.38210148041182,13.906843547461854,1
206.5742908402726,44707.27693300107,22.76819729330821,167.8275932204083,10.928562234633588,0.013760953675539912,648.9638090790625,100.69050222706628,0
1290.1392252651044,780976.6256520569,457.30531162954,55.07705947974031,377.0117392013053,0.19087139136178335,77.48125627376042,20.71393553100969,1
2099.2478236713187,841759.7698809232,793.5603737194785,102.2043131252431,50.0,0.18751861201404119,248.26772675023756,13.969607895032237,1
2562.8506102867937,933207.6403719904,792.4008793824668,27.817882398964603,173.6411437999074,0.0811418791695642,194.54530016593233,9.866866240222988,1
1903.5947024858158,686258.539561549,880.7258345595808,64.41415281577305,303.7136015376966,0.1312336687321124,167.07095503105225,4.638401427405212,1
1845.686776031694,821215.5978828727,735.9924490916578,0.25193710868006747,404.50425432614543,0.11666016214393213,170.93146155388513,14.777225429921536,1
256.6840239378351,47117.14541872681,24.464610212451873,214.74327750935652,15.291321936257436,0.011944058769405684,547.9618323646939,145.37598364645348,0
1554.5451377395977,959965.0381796487,854.5946488248514,79.90451060069671,218.0923672136884,0.14103756785719082,232.78971914073873,10.714426001512257,1
138.60000595887513,45580.899829203096,15.724455186704798,194.00849991434106,16.119463535340287,0.004294172981463495,432.82111000225245,183.7823803135332,0
276.58894453005263,30391.544015304673,19.504096921180608,110.9746069942147,4.38062540055822,0.004710749408542559,463.9991642690089,93.49401799760886,0
1800.3882979956568,680434.3348802745,780.5939515289558,0.0,350.5931127647303,0.2024911905766239,232.5520617359927,14.905140490697974,1
192.274716037505,59711.39006822911,12.287698337653612,242.41403719497833,9.047138319433449,0.019040649493002597,470.6133102526412,122.28639344007308,0
96.35082820043542,67982.87700923062,50.595312289968234,154.8636888521254,17.65792992871374,0.01755821504188372,413.0282637675096,74.16900656401938,0
244.89077042052742,56062.91156108708,9.802398146185364,151.7449799153683,5.342319468133168,0.014144233294786382,489.40182000112134,111.38292562230112,0
150.01438856653093,53350.42367537413,19.91720116070413,221.77967576202275,27.69241614713976,0.024442503964023796,548.5211947645296,155.09823288614564,0
126.1571091577134,50534.57912617474,9.54737218601526,174.0265905171401,15.702704974590201,0.027215769172969147,622.5756448723621,164.1112898931029,0
2237.2558122175883,679945.3158362175,537.7409529912961,113.15825290581994,326.791912435015,0.13298661645491694,365.8034291760641,17.49739973991239,1
217.0395704001053,42656.12242608699,13.551396933626704,92.54374239931397,11.134024415785616,0.006461699624325868,642.7049458239209,186.43852216243334,0
127.25887573711054,52969.15870736112,23.179986944140474,159.5649164668341,19.48680729510012,0.009238043279760508,389.1158618712731,185.8289045447284,0
186.2428874386658,57744.947038653714,29.95938684822258,170.6859713553766,7.6705425248323085,0.004631308671292007,667.4359240186822,149.73627365113055,0
181.93647874982773,54049.82318924677,19.399077522448685,165.6796277643591,15.688768461385648,0.0,256.58207015914934,124.04050558647533,0
1947.0759748262267,863995.6726692598,880.3694894129624,57.10977510197979,241.80783880476446,0.1499175658800627,191.39464625645698,8.263380629902167,1
2689.8404425973195,711167.1254127946,794.1655314002434,33.43983041557947,355.4359904998968,0.13799255544110833,133.8869645690878,13.239692405401117,1
1850.1024454774624,664899.3529922041,580.6256542654158,25.983112017654875,288.3932920754315,0.23645882626196957,197.67995098756668,14.600732730655427,1
235.0361578429793,45067.781544940895,36.481121618238795,203.01389327230277,13.80143110734599,0.008625530071068765,551.9169438426442,157.33675216732667,0
200.42528133615767,61414.80768103218,10.446884911801913,191.72306613067667,23.529701393543867,0.0,656.5788549238985,119.42877550412265,0
1299.5536554057612,715467.8513698,954.9521470790271,59.359950854568595,201.56688964277146,0.21637944024748312,138.72619380905874,5.247355946399034,1
170.27998239006325,57618.547740424634,26.759788558069232,125.73600596243544,21.769177733965535,0.0,483.409014489892,108.91722771845839,0
1622.9322591415685,1029403.0181160222,1185.479550798751,31.16437361477853,351.56560461068057,0.17143479118154994,215.67960906135514,17.77996223605213,1
2636.8478591955177,997896.2972880703,1080.373125526645,15.525746373967252,384.78518564904255,0.14448771065117524,238.66510579460024,9.754939918677882,1
2040.3134367240232,569117.8278711429,590.1478830942427,54.10375268246882,132.06108519589898,0.1394805058054608,182.07547883961303,6.322765911038649,1
1864.8368607647026,677561.0283414458,763.1052429854568,33.83602002052255,237.22346770875896,0.027751833748001706,349.8038222579057,15.083671536195862,1
1439.5793023771164,1014881.4915490744,701.4820085422843,0.0,329.97677204339504,0.1921016475687104,121.7738996882841,7.518794407866261,1
2679.7471590181613,1039267.0788196089,1054.413577335441,21.163573386384417,306.38070924137486,0.17194258947977992,128.6788655738177,6.994509285189135,1
1926.8600410762829,814566.5615634745,817.9920823096418,99.90991090863719,192.46513763831723,0.052851134923575904,123.32490295464082,5.168864325366049,1
2306.941021862034,962062.7702133474,1206.0726882006202,87.47786761315675,245.4977320083231,0.21062052155322195,270.50806499035076,8.941834283136597,1
244.3196979783976,46678.31470160995,27.641144055017897,190.89333604513314,20.661579712736728,0.0,605.8581053734379,126.5692855724986,0
1959.0474079804876,741691.0223678022,625.4485083106067,91.40278084638871,298.5410089571885,0.13664606806336013,170.64415217625265,8.896441160251193,1
149.88280096545992,63011.58348652031,22.155079693017566,192.73912267186324,12.02148362293297,0.007795254174136816,384.38458804578875,238.363623625724,0
1812.4402112463138,937206.7570727397,745.6148499522606,69.12064222007126,221.77330779763304,0.20179371273659563,345.7790581383666,15.628055131048544,1
148.88598591763352,35338.14017530458,7.512573892922884,300.95125810489566,10.062411100756528,0.009536462974192342,726.9612569285198,87.1381424202626,0
2495.9113234428137,852740.6283540049,746.6071569833023,65.88347468748864,312.711775736448,0.13906834917766026,212.4527441456753,9.574626436673881,1
185.75579668087127,43219.284715065005,20.072070603763702,186.8382140875002,17.687148850695387,0.0,345.50201411883955,190.35536326047014,0
2328.170251733083,856072.7838145769,779.4986578174633,79.65085025760567,294.9617994516258,0.18685787791786063,116.90376362046528,9.173127296783424,1
273.6007283245067,38175.49427793563,11.538978638226691,176.64709913992147,13.62572947984758,0.0,515.5365746115593,146.85427899792504,0
2139.3240394163518,832539.3028125479,743.8233081784441,42.2479863359563,376.12165501815286,0.098535554184981,183.89926910131902,8.299413203432959,1
2708.227043614793,688760.2990210403,729.7233881769143,54.48074683096033,373.5749529760619,0.16295660469153972,245.9479674019815,18.22155310611708,1
2462.0565864779373,664962.5033147736,882.6653246970994,71.21552069822079,301.0134331234219,0.17150365977550192,272.1042076126985,8.521479547521215,1
2275.6249916061133,924168.042303972,781.4022969785273,61.968879503199,376.4900555268261,0.15396964823318326,295.60806029455694,15.701551151853272,1
173.52802863169632,61208.40651403167,14.148115510729884,173.2165451001084,9.379297409178196,0.004693331102609067,617.3562343755602,90.43261848712731,0
286.43488222027963,48947.758657491286,32.86590131287233,125.8476992181257,20.475770406562987,0.020072990673581124,576.3334112384489,121.20278416454326,0
1630.6614430161462,1029239.9550813477,653.8527230734387,46.30147045319644,192.86704017062985,0.12744575480853695,202.2083917470967,5.331672565377271,1
138.71971181163758,33947.28752867432,21.82914730128705,201.84356923325714,1.3059428152833323,0.0,412.3881168300862,79.53691081759216,0
172.19040205754374,49113.86054746833,13.803570169859883,172.83336027146348,8.935546827290718,0.009523223183861278,562.5208259599904,105.03373622443164,0
1861.484143869137,1066202.8012381182,785.7114512011332,44.350467692404806,288.1237775132591,0.16364934572326428,228.9150242691858,19.232605724473913,1
191.8667039727546,20443.8117565493,17.860468561391883,174.47811698873866,11.144186189500275,0.0,511.13850613310797,146.4596693569669,0
196.01352180715958,44395.505311969246,5.0196022460895335,192.50159655930315,17.451842997009415,0.009684152507868691,521.3809704637332,101.85383815017735,0
1933.4454941615486,716111.1770195377,641.124772029231,67.10650532133062,465.41001035836126,0.23110997495030214,86.59127742252012,10.71429963674205,1
212.43936549005414,47101.2438452513,6.320577226181372,164.78268956071952,15.789666744173477,0.0,514.6289546108518,84.40713455125406,0
184.64583908327117,56287.96293610303,9.818823884813144,157.61198915400746,19.34033249425586,0.010644689261026725,471.6962819129016,53.15062458881637,0
105.40268733440448,50564.966919932325,0.8318412823492345,152.86600484635423,13.359285839266697,0.0,713.9681744057714,107.30651540931322,0
195.077699884606,64699.37230941231,6.764116985986108,137.6938081550854,19.478902555186284,0.0019852059925697593,523.8039379116377,99.83094327505378,0
191.4796209417898,56402.136593287585,23.0346690081667,179.20968560656593,16.89672174590307,0.004396992231018503,348.0600647441748,191.7825211352822,0
181.09187229803052,50534.816268219,25.530767870252447,177.98103708874314,4.5887937818506295,0.00675403104102985,516.388076907604,121.40602317562036,0
205.83429045703642,60448.72812454427,28.19343097059747,169.0403294041199,14.783950865519925,0.017765655517115755,387.8408988346876,148.3517440762094,0
2393.7210621910244,746118.9962521783,993.0682584628125,110.16387516167967,369.10374027783257,0.07665186871232933,182.22355798632907,13.021539939835453,1
180.4768025268595,56613.78189891708,34.23559472265033,238.62640673381392,15.804710683080254,0.0,559.0643079996875,90.59214247350735,0
291.8456764160657,65164.40100589403,14.8636373928509,289.58016532433226,9.753515820430962,0.005047513798063443,624.742633682368,142.2471102292405,0
1523.311022765312,850191.0937596082,718.1696700563092,82.52468070232594,169.0517704900614,0.09749792792777337,315.1706824421533,17.940030146051743,1
1417.9210322188067,861219.5124463565,1059.1928758057147,80.54295942438094,84.07515865867609,0.1283788527993947,213.62802079397716,12.217088593928992,1
2097.8490564457124,1035537.6310417805,811.5803819653878,73.17843989229758,555.8511833104445,0.10136694011526495,256.6452425608108,15.551483538106517,1
227.92744796371116,51473.2233048647,21.317984270108198,263.6667635758195,8.873346592087005,0.006562713284621454,358.93898992890735,65.31361198006189,0
1326.742008820711,743958.1336979789,1056.0258537943218,67.89015501782394,293.80021906309605,0.11623395508676751,197.7113571796983,18.25313313951667,1
2294.393641946236,1063947.37574213,884.4277178036484,65.50750372292241,383.6601200446586,0.09559977084668533,305.7858939740929,1.2770358408720952,1
2232.3621462119086,999812.1088891807,840.0311510177052,16.23903824692765,283.6447004873914,0.11182631461446602,135.3166782449066,9.834766535208177,1
1548.4302576028006,721254.8978151113,662.9958462721114,58.12195576881382,356.07424000624195,0.14818619857420215,113.14524570418007,8.993181822226838,1
1923.4721599775364,1192236.3799379498,614.3749676884379,76.94515473969972,343.12753073180113,0.1132831612611131,133.9708163127388,10.164422133258729,1
262.2473689323223,49047.14212986065,6.411227540769843,247.7506496304997,22.66313946196564,0.00874039567453001,603.5989473385922,118.24629475900156,0
3130.330787580364,751450.8507509544,821.6023609068635,14.191383172126045,384.7312041805829,0.1283105102496545,207.59237969386336,5.611728325437243,1
1856.825898320942,856493.447701924,792.8120796077403,31.27665996877793,254.6094728061663,0.20161101302774326,126.87765149225348,7.129786582953399,1
2637.085493513111,831754.8139204718,855.6380058724743,29.00484011714218,367.73998803592036,0.16729361838064766,171.88684038576622,10.739242774759703,1
1469.1767830553968,835983.4220177238,805.6941582218855,70.95455471179262,506.3541490473391,0.09772122288323261,185.10956999763846,6.28892309887173,1
197.67063648303304,48039.95702154984,11.81502397589615,147.31965397031684,17.61439833458802,0.020870871892524342,637.888669960621,118.44977343820484,0
1912.2800158997236,741358.7704276558,583.4528235951993,72.18767409265413,262.13437154606635,0.2206111514403246,124.53598105370763,10.792862049060322,1
1924.8339893227978,832598.2441221573,989.9115598089663,62.97591649306756,256.93746498152075,0.02,356.59440015343944,13.098535844021859,1
144.0232062364737,57324.27809762838,23.6970592563913,109.15180646432549,14.812734575083503,0.0,673.6025145860177,158.11188092461254,0
1914.6881617280915,788302.924715836,815.0404819669454,84.71843922480691,221.2747670657099,0.1787142722679029,130.65918005143863,3.133695708388533,1
1960.5459824258555,837227.9891715044,977.075510579825,5.806982820930415,362.07157307197383,0.11490900833955647,112.43526119531455,11.5731854528656,1
1978.1192739125868,660465.4893058133,756.446462406653,143.01941590498834,201.03473535715997,0.12165042777476995,308.7342306441532,5.065852153083913,1
210.86155974052625,56256.75571596154,14.516544621349816,112.0951076192751,17.34768183507913,0.006097947058334691,331.4628135183305,102.28810713873516,0
190.53778295317971,35288.8476561511,18.321259305736888,183.68708430107333,19.244332680175354,0.016086824129137884,464.5931190630542,40.34003750201282,0
1604.8398185320766,557897.0850584088,531.3199836230301,0.0,478.38568379007467,0.13675519730483596,176.76396744680827,12.565648292960123,1
1968.5422926510516,946351.4770853308,953.6598977316866,61.73672490220197,230.65622938822372,0.10768200662832103,123.97316945306255,14.481807127586915,1
181.83696762155972,40019.76406706122,21.133705380252234,294.29892301858825,7.986546612984552,0.012211864853411672,470.1551074509893,112.70556162788839,0
79.36098345352549,47735.45415455862,22.72955754863389,216.19674074775537,26.437250003265735,0.0034572631401566852,456.79604604892194,147.54058392459365,0
191.29136330975211,52312.82022743364,10.657609358520402,162.66292060873963,10.648264911712834,0.005255854046341555,624.519265376873,106.98984345657577,0
2000.1326501025414,755432.3639452863,694.4203345348304,57.31147591123435,225.14171297083402,0.16584822007423525,194.9735406302951,13.002221526396049,1
147.08594745811814,55887.03278215151,33.960915692447436,162.95657719075737,8.08619196953587,0.018329512076226847,577.0502213855794,51.702231013500196,0
1363.4009456321505,769234.099220001,866.370745355982,43.04777340063112,246.82692037113327,0.19007547708666545,291.05784480421016,1.0,1
2317.8868129226576,794186.7484966518,1124.8877366582801,54.98507359276306,139.90552292729762,0.12867112350815757,202.48459922903695,10.848039804649815,1
266.7892168160116,43372.98591644736,7.270475712602675,140.0006087675841,11.72552179345014,0.020719029561826578,554.9337918446499,155.76097612361036,0
291.869333774376,40063.02122893517,29.091596022138766,124.09344476219286,16.819435019107864,0.0238313513986212,527.6702017604885,113.40032999459292,0
2339.1037958310753,595341.2939436035,748.8099990792085,53.213175946165805,279.53190016221805,0.07753000790956868,107.09282264698297,11.771044029947642,1
222.19063546915524,46265.91063176117,17.219037070120905,210.43782103524467,12.004011324835389,0.0,683.6423707413423,130.0485518918477,0
191.82785507377437,35901.8057105219,30.38289928983819,178.0037843565315,10.536338953809956,0.011366992033272124,501.7750972207175,108.62592733581766,0
1838.7857142543824,1057464.1222215623,975.0474771084292,31.651853001667543,55.251614847893336,0.07312320747459197,176.85341703507027,12.060016097975263,1
201.86139182107883,58345.25547369057,16.650679627263926,215.99303328513133,18.820541118418873,0.004420279914538075,490.38235017238725,145.7434151773251,0
2275.963860654333,962828.4903179707,472.44999336369244,40.537080583313646,373.8104243876255,0.18556234592815718,195.70444422377844,6.754603437278434,1
218.4178306350329,34329.41749764562,23.914960373481073,150.92022510370612,23.136155708317858,0.013830131504516837,527.5690732742048,47.04516579918399,0
187.8051944911331,51694.73871193261,4.596456241515893,192.9940663404418,17.95626471024136,0.0022915537354219317,422.50036185907555,127.93662299629457,0
2154.7431737485604,840622.1235321522,1159.7995553689498,62.790655223578746,402.1968688782097,0.16454230007067938,208.8358189716223,16.740389166936787,1
1271.6535942152134,974428.445497451,661.9836466798452,66.26278833036653,315.2013845115918,0.11236249548790825,375.3366357720841,9.88211268922473,1
133.6803641130218,72297.31841409548,28.237209270437923,167.8052854802637,8.645235812972203,0.022131232504654666,408.8337623831247,99.86599884611392,0
1800.8379669460403,730597.8067423145,638.4560047301434,36.55622750885864,283.4880349827585,0.2508935690741322,63.72264939197842,15.965237568644785,1
271.8888469958231,42100.13646132397,20.85371381602588,210.6137014454514,15.948782805813263,0.0,353.44943438210987,118.65948837358745,0
120.36028701392361,59083.93297267304,25.504335109347853,186.06067886991914,15.112401480768682,0.010487871050346306,561.4135524116706,165.3686812066339,0
2058.28857101026,623015.3952855872,798.8559639656085,70.23014221539415,302.3166356309828,0.12111695928166584,321.24236866227466,4.643719904026354,1
1247.4510070460021,587775.1763564425,520.3149598568305,12.234096120977384,347.94688041908887,0.2273368703640392,143.65728505804242,5.608934639240574,1
2573.9572297800996,690796.4007770335,328.80719570576423,86.72332675758682,279.41706455192235,0.10971592808712352,294.8908091972728,7.403323849512022,1
129.11579149202151,65713.35816082367,11.736568231710917,158.14702565949332,21.2081863144937,0.0,509.2726205223953,15.133843123832833,0
2234.5853889455207,836539.3988067008,910.7785117517925,42.95983428554414,161.04369941047042,0.23041029637228405,196.42237959445924,8.228123163128945,1
1974.7280687334273,792706.6272120089,499.55451668415276,37.94661386868674,63.996148133697034,0.2227012201512634,336.35043839736136,15.09924348630032,1
1628.6576836705538,925621.5219358719,647.4446662100428,54.09475982017177,350.9120386132759,0.17083273658959952,213.05883349738872,12.680175956132853,1
1930.653257845742,799448.2318906632,718.9374114419263,89.20369248876177,269.8173822150814,0.1553907363126437,143.19650841293168,18.096307807621336,1
158.33155970252972,38998.64446275694,26.328683235572882,222.54035713806104,19.516885492404022,0.019698976936554126,590.1446700335359,138.4422391258056,0
1889.8510680971356,1279841.2864674795,847.2016256840349,56.15240238632404,152.18231280428998,0.041079063829554605,296.02054248160965,3.277548192367372,1
2199.6802636554276,1148886.7575072972,939.8409383102057,84.40439094907276,228.35186098794608,0.16382963009037224,264.00650702093856,11.390600041333656,1
147.74781452068487,41335.83861340561,8.94164817847882,157.96732330664824,18.855181083799028,0.011518814832892915,371.0846344671486,201.5985664028784,0
214.79969948435496,53227.97464093248,24.95272946068598,125.2750861498678,20.37852812413197,0.0,472.94387984867234,166.66268540415837,0
2615.8636291879657,593707.7680146983,897.0732355091088,55.53181212765866,302.0695984246361,0.17743190359168035,181.66573508834648,6.049661245910183,1
162.69508716737434,53907.25026088896,5.779482338598674,187.29556858895504,15.328858375938308,0.01744408733697715,513.9834095014982,98.23591273543951,0
189.8543007602226,42327.8293146936,12.767643140591607,204.4400783930104,18.915682676362252,0.0035403486810622513,493.1422530941315,95.07864420329149,0
203.78566439784169,60684.62067244298,17.38735608958746,237.25908455709668,8.322715748200638,0.01205231091702978,431.2192482989552,126.27032651522795,0
232.1663397344522,56026.52446306499,32.378836879187304,113.61612646694381,13.283721190815669,0.01848406448962838,557.2415582563194,120.89628963956348,0
2381.803982248406,846050.5435438242,899.0620083414865,36.11270812314221,489.5955299848307,0.1914968158028635,126.27331010637646,1.0,1
1952.509075639853,652615.9263853403,949.5690389808719,0.0,142.65853465894457,0.20543683381343114,203.28324925511384,7.430584093830067,1
195.60616287921897,58463.04062307729,24.879913708045873,192.02858167270912,18.306375544415225,0.004522363716531268,567.6121935300075,84.83611105943827,0
212.08222608383755,59326.388429911196,30.57189270241366,199.09642293744352,19.79255626890053,0.009676087232185623,396.3738711931232,122.86484114042734,0
221.54105015039414,55661.87758574833,38.22055221342843,205.23200656584078,5.550736704849408,0.0,591.8232526533449,168.06920124158205,0
302.6342490972945,58789.54027700893,11.101960106515898,138.0563342068963,18.638930751550944,0.004330016640587581,480.9437685542999,73.85693473272153,0
1312.8790970312393,963933.1336761361,850.8290855380571,74.94640850224546,275.9982848183227,0.12471006221095303,171.33363097552888,19.06670912934996,1
1384.8666192891426,551336.4739364147,938.6543689184371,59.86703507854195,337.3152473452412,0.2772383386376049,221.90393052360304,9.754867427672451,1
185.6308319225412,57454.98906524983,19.575661899208917,134.9910595848066,5.568475360083102,0.008737629927267352,604.826437639081,176.01889788791118,0
147.97280304212327,37801.242551584786,10.84774278846676,131.02786359830952,19.33938050032556,0.000955467737039549,602.8068019960323,53.03750146953733,0
131.59204003771674,53364.009386898724,23.09412839759925,251.24907710326272,12.527115589191963,0.027143803203566026,359.7928960755945,148.2013598964001,0
241.47595210120366,51952.63031479773,0.844348355310057,198.7878687794141,9.99737157921304,0.007509652940561972,383.4338660094287,109.46493298208102,0
2552.9787727500884,735588.5386264196,643.3146223918475,63.63364965497202,230.81684249331806,0.11832245822443047,351.0208708173576,13.731372528408944,1
1811.4035913992973,627943.4143701904,511.7337730988257,64.8111570112059,154.07722280959908,0.08998392432603533,36.32105556743306,13.55980973219894,1
245.79512711780066,45811.512560749616,3.3196540011090327,190.70161144506216,18.90465789054594,0.0037449534810423983,580.9784760278219,207.51707987477508,0
185.78180809799525,51351.23451868082,9.263842708624331,173.58828228707924,11.90341337688401,0.011637222550580181,603.6077950574789,44.92336095517062,0
176.044841454401,52667.361679766414,27.39326025674903,247.6926062447125,18.979359940110964,0.0,352.3823226688132,133.76600864767434,0
131.2552095815009,53573.194227106265,24.498153265565342,195.79245084584363,15.172037479927639,0.00016419503073188992,494.75542335045,147.3799361147458,0
263.72236084706196,46955.732371433325,39.6612747137559,201.62438011788302,8.382872866183977,0.016417106490138535,485.3877088584592,124.03126915800925,0
1482.3569739909835,632888.2107199918,894.626330598551,20.735952848891873,559.9028144790553,0.16822121915839228,163.65945949481926,4.762190246760097,1
143.02854994542128,54766.0296732398,30.018339695494078,234.32736588419914,17.363415461193064,0.003836429467348877,422.7161292860235,99.85195611544742,0
2211.920607979012,908640.4008076618,1081.5897765194757,52.55801195730236,478.27667450403646,0.14283379505755842,150.17787547025614,7.403045648282394,1
213.13746125735693,67058.52680544564,24.53995631446959,191.85532080467019,11.572341935734745,0.0,442.60598363005835,128.8491816800249,0
100.34698144729221,47823.15306565343,22.783329395705042,146.4792327829726,13.030490635778488,0.0,684.7809711449604,134.03732305818792,0
2437.0965265826508,700596.4158575198,945.0155566297751,61.94569733866927,182.88214437702675,0.24318111885786536,360.0982442807925,9.440762027476707,1
2310.818638594753,996158.1037954798,682.0960199468913,105.34263282677288,153.09700427619802,0.14981360010071512,179.0530428406153,8.197699549265337,1
210.5804866397525,49050.346894073286,16.518302091633252,222.31339072515627,18.828477629460544,0.0016930226339822683,556.9136441867522,75.30768549559733,0
1285.260939765689,869582.494955359,960.9354856264629,39.96801788458235,163.8347780495605,0.1725257106565354,209.76405025832852,9.4591298912665,1
1973.8773071338076,979797.7209699767,836.2468308759687,22.908074666191293,395.42579147468587,0.202210673660721,253.8270810077376,3.692414121955389,1
190.43478375591926,55935.546949055664,20.16129415276004,185.4749328275754,15.47847688798128,0.0003666792953045568,547.1700665062631,142.44131188077637,0
2653.713537468757,617736.551166045,565.7411710019935,123.09183914104374,224.07682454900475,0.12248647844891339,321.3397413324761,11.748431930581214,1
1963.260769909969,983111.9663493296,731.0965522600335,47.0959620556957,206.76367316090506,0.2137537636079142,224.10482325711055,7.499932398748516,1
167.28583616562224,50082.81909957927,31.963394853702468,152.27252215430218,11.318675549289026,0.01783605094297299,458.9777005810481,59.81579085344268,0
1720.9181717449019,795198.0417254901,875.7619210715891,35.89893254821035,244.13642109473295,0.18455789040555504,323.97221757751663,15.735689907894066,1
206.5382093955772,47848.50834228871,1.4175733788746463,227.22109049647878,11.121952603691978,0.010760944789225162,396.67187726632477,91.04509380690945,0
1586.2352785234482,659986.6193299,917.5346441204705,21.050850257369987,287.00828200209924,0.1059581501082961,63.15671385531547,10.31757588382501,1
133.86501938227988,34243.80672829385,18.779161120286084,152.02991607343813,18.07322024040911,0.019910666908315,477.5079712494008,159.38565953333048,0
246.37192407790903,51145.84437023878,29.956348061178325,192.9487558231626,15.498551881620456,0.016224410467594652,511.79126696660313,175.86681887792764,0
1819.2976307708714,756105.3953580919,787.3372459794821,6.2386821107726576,282.83009686612826,0.16339308923339216,241.56967447482478,14.379198901514066,1
2559.3774601534615,571275.8025074117,826.8339566962426,9.819002711223618,319.43434644817063,0.2052834394162093,35.89684351623788,14.172260588077334,1
1674.4547176593014,643146.2748665665,573.8867086487305,16.968232062613538,368.87184136124074,0.15154654336673634,211.1736065821137,9.743985493960226,1
2265.487497474168,716502.9178562439,858.9517724110607,36.37906353424925,420.0553998907298,0.2162598054326974,20.0,9.283330489722108,1
156.95791607382148,64800.99203713916,36.765947982456964,194.72040145978076,21.106780646566712,0.017736918910987685,498.724394951875,109.67604508081907,0
220.6896158595107,44762.27221458765,20.641368023781535,187.5484385364487,12.282748363482881,0.007700008039722179,632.0504707482384,134.261695131818,0
2078.893550962818,799602.9303130845,595.6274616349126,95.07355754788688,243.71589272121432,0.12820197609757603,347.7255405041128,13.44736782203883,1
2308.9640591640455,553064.8538247795,731.2735380815308,17.957106750246844,311.49751755625937,0.18204510851062522,163.7341388548968,14.639192856440511,1
163.53565318131692,48231.40806427204,28.249378896141028,181.7655558666237,8.029420781232927,0.0010939170299241498,329.76093773089696,155.36225403761205,0
2188.693435540054,905937.3082635981,1013.3645860375037,39.64918627757187,295.721442637473,0.10142783416397644,88.36346433067605,13.576286934225674,1
179.64608818248374,34019.47624723286,13.224884543082332,173.70728668606134,20.541737889400196,0.012491705012881797,623.3842460865434,178.5006933047991,0
254.46087483553964,79142.44648415419,5.375426151458473,240.34878493290313,11.086330442013525,0.023603397390464534,632.6774600454793,116.46272494230888,0
187.73610770289451,64671.81250709042,19.792936358937663,183.66105756955446,15.155892243323143,0.012194399586199315,467.330741141305,72.1648607543554,0
2160.1577600182895,1127753.8766867484,594.0224047649809,1.6621838601399688,148.0941725079066,0.1820388808554001,184.0047889609389,12.309024530195902,1
266.0330827764084,56483.94011238713,27.318133943208878,122.2621281225264,19.111146577801783,0.009091038599178612,417.63040234286666,152.0888956862056,0
207.492120699364,53319.954934569345,22.363242820282007,145.29636250946905,18.898105103679498,0.03611102678387841,557.3726456651292,103.09363717971243,0
2271.913677319302,753381.5775541702,432.7836928934004,42.72343507945088,208.26810722807647,0.12517400949821542,215.6262532026083,3.3161647091069613,1
217.07777754702548,55098.98248476536,1.0218550010022334,150.31946300441038,15.741115480917392,0.01718347961330837,389.4227704784693,178.79015751940065,0
1730.0973040307658,530709.0314972261,618.0874247504564,76.72765131657087,291.1255863364719,0.17477941278164585,20.0,13.440775688001633,1
2132.8739867181694,867529.0958467149,1076.076946812238,28.58205624003225,412.48180263058407,0.222392261009014,185.03294561997572,5.689630113650743,1
1309.8614102963907,676278.255570402,835.057041728785,64.53360291364837,275.3605604791038,0.14800701334448638,84.61052718437648,14.15910372014007,1
1771.000329607518,702829.6162425324,654.5747371712133,22.964430481708888,253.1605336571759,0.09754520038314823,269.3920355502802,6.029656491008538,1
222.12728121020265,44139.48360024441,13.017785402674274,258.18770061644983,8.283577739448987,0.025466114107635742,480.19668015610984,171.25740389826623,0
219.48458526600012,52566.587307122616,25.502537430336993,120.47773024272587,13.607021135968978,0.0,624.7166917369234,115.44517790418875,0
108.45470870762348,49829.62110662537,10.043097731581932,203.79809832707207,25.224116242383232,0.02538465314028524,451.8245352635413,177.2498631716006,0
2367.995538220586,895092.9399814294,828.9864504153412,66.351028656041,193.0800656463141,0.18156601443869683,152.85812020229292,17.16906566636981,1
2369.8041073256336,1037912.44875818,579.28809380482,19.08327788230554,292.9784034726568,0.10497242201881532,140.33971355880044,11.14753537284205,1
167.78164398934885,54776.1072975677,24.914525899395905,280.8283476863188,11.962354795222918,0.025790031115898886,503.5629713490567,62.649986646528575,0
1638.6680032976512,919795.8891572959,979.8187013245101,7.246682276001387,393.19953933384875,0.15172775638570546,452.620494706013,14.002901457244116,1
144.33059790390757,47412.9409831427,19.041163974340293,189.04432040177485,14.61900530640098,0.011987706774887185,625.6418913857635,174.81132471962303,0
137.91222355608036,39634.180251303434,4.1868921848900715,142.214882672336,20.045559531275277,0.015190707129218127,433.05427867894514,138.41204124864723,0
200.30083402180358,50980.01914099383,20.189911866401083,216.34347206452588,4.212214128490226,0.0,418.34761632746404,98.03113925760115,0
2177.322096502403,671364.8855917839,665.9557813452109,51.881657481871635,125.00673527965509,0.14679791546744872,174.4858478936372,4.531672590333766,1
1969.5765018794225,880853.336396756,1248.304977827267,51.101750847934525,322.00083057300833,0.16094562607778323,281.5140968933836,8.239708852340815,1
2167.5165946905945,685796.2050113935,910.168040089622,29.112580116641425,334.15243961608473,0.11920086074114133,423.76128081293916,7.086256194655549,1
20.0,51273.62475656486,10.829510535392393,147.2370134399982,14.350899141637234,0.0176677429226312,563.4379654495751,95.54869851732157,0
1463.619447825676,905321.2778456234,776.8344199266198,19.222146885817715,455.69813354906984,0.19402758666982653,244.48299530771317,22.16478142339963,1
207.85242837226724,48908.54848438666,24.99788104295799,231.9738772221416,19.221005953464427,0.022870922599469115,562.0712839228547,192.93447890801514,0
156.09238165356246,49912.05310514429,28.27172799621222,176.04547536150858,10.923567856027326,0.020260719701535326,223.1126778535638,106.18541555181054,0
2119.9409376696317,991519.5784541713,678.0560153306725,51.74782184799603,284.4779212439789,0.16358267014963807,187.55972245921524,15.014284873874937,1
241.02642377087093,62645.39809338037,28.742776789190643,190.93285026147498,10.321334004078242,0.010240774064839118,585.148812691387,112.3745012163216,0
1927.0161559152095,878594.7215411067,1158.159217722209,35.35011727785967,124.50995084943978,0.21895301716176654,278.89906264143406,12.53404009458324,1
295.2530107032235,59226.39722787853,31.136597067412985,193.3257012830044,12.941619438304691,0.02774182223503769,452.59152180530316,90.23723148326062,0
204.5760089086604,44621.8865364286,27.52383732712678,183.11426897069217,10.025963814276242,0.006584861856185996,488.0508089560004,79.37733352378055,0
2165.1971360691014,701362.8498086593,642.8815037434043,91.53388654459513,210.67899948022801,0.06714303860503965,244.11215926866524,3.607648197709066,1
2025.6295355681495,840763.0777299709,777.7003670712115,57.674605701777224,200.9319647824161,0.16927229578055442,133.05073941722856,10.04415632583939,1
221.24829487180745,31897.866789131836,36.44301710233691,169.28821705299268,13.33868921856463,0.02648574722973867,626.3483344182314,152.30830410805737,0
186.30747472268814,49019.264314674925,29.444158685402726,139.89047951405652,13.654847578696698,0.014882046397335723,389.99898462505433,111.63229919575879,0
1925.8080096382976,1078569.102941466,800.3492626900659,50.12477416343469,320.9276700779127,0.06911532575058363,190.01617138764811,6.044949203431814,1
265.74039357529523,50368.05499096955,9.529082792335455,168.29183342314053,20.624664178523215,0.010342101183327984,444.1335772956467,158.3405143622993,0
1416.880648768894,470504.6674251447,716.8852224443834,24.88523110603172,334.5791921258199,0.05081456789980303,75.11898219349517,14.264399897600965,1
1817.9587152554573,629373.5719882268,1037.8067217680375,51.002841630424264,358.93308114979686,0.18667338936756672,47.90330999789822,6.080983033733111,1
223.25401047501532,48360.46499973004,25.438770041121803,181.19335148506553,18.565346409257934,0.013979845575628817,409.5127390014147,45.04208771426963,0
226.20939214063856,59427.65801225275,19.435589031128927,197.59695866750656,14.99213997765402,0.0,402.7467166759586,187.45830466329988,0
187.33112155259926,56712.280116136986,18.67898787186875,236.80111671148416,14.59800803047063,0.005665446702221348,253.1469875428364,85.16690942554999,0
240.68818449831053,46345.30405885775,21.13875194142012,163.69076913582268,21.77150232752811,0.00420380032323775,567.0221456991592,92.05423216507673,0
1913.1605103757965,1048882.3530749783,589.4631655766937,86.99646219558377,405.44358076053277,0.10692314936822234,175.61916391032062,1.9452408329139441,1
2292.10278464674,556209.6272583338,865.9980330950177,0.0,327.0733710135159,0.10561850579802892,177.08589771058078,10.30315044865639,1
1902.1011304786914,989130.8757625254,827.8944671700078,71.80193231973519,267.41600031236,0.21134192235546953,210.93473084354406,13.629160968858521,1
1778.9986572514729,835951.1365394449,846.9240330179308,4.823235690502791,405.73290429858616,0.20144088895887247,299.0110407696301,16.64201164526026,1
219.16969321767476,51399.24312039113,3.830405998350539,233.61017603807315,7.598936694375952,0.028464398509114405,439.04421477363644,121.82231284454382,0
208.598016621853,35026.26829905463,15.077529112346138,149.9185498539083,14.735206681684861,0.0,424.69532608067766,99.49820489289075,0
203.3789534744446,34406.16764694391,28.191041689121384,182.0660685778926,15.12274916201994,0.008417008265502745,449.8679807281722,200.3923099588451,0
176.88241036677164,56620.81534581753,33.225043315231225,135.97738667879395,13.337016696142436,0.017192752369203215,561.5949937148074,73.26942522727794,0
164.3062587981758,43838.07260009305,4.289022574293824,195.78397685482162,17.368359454084008,0.0,497.58051117686455,139.680246951534,0
233.94567815359474,48284.35489783652,27.689658715737455,234.69606110953688,11.31221567966028,0.018306235475398315,590.6458120812364,66.89246890245725,0
296.68967425940934,41125.36175257841,16.234052769765146,225.6506387804148,10.169073139637813,0.003010836625933282,548.3511696210095,103.70744330782878,0
1292.603253776379,712188.4667270714,865.3819251230645,40.044367667775205,400.44563188719417,0.09524219600435846,228.28990651128217,8.950207819488334,1
2139.7804893136563,897457.824710848,747.8613615755105,41.41660454400384,212.4783671739791,0.10344080245509735,144.57561325401468,12.403900915546576,1
251.29184214426192,44691.781718703525,30.247567337507725,139.43723228458882,16.44419175829688,0.0,542.592229798611,206.6057037906269,0
241.75556229572894,52287.70028928938,38.93048885422544,175.96888336216054,7.924166132587431,0.007136865932131859,631.9039335915231,182.04285618622777,0
211.15398713126376,34993.30597218161,23.055801919024802,224.3070935793504,7.3707150863366415,0.00784573446514542,471.29031918044325,100.00834943376006,0
233.32863343047669,39071.04758901251,16.625702458938253,188.48454804524897,15.843737976140948,0.014782807007301776,637.9912800697073,91.16408529382376,0
253.42357779945192,36240.864113984484,30.790096392361132,181.0384845373402,18.307391973227404,0.025560163269499774,575.3112300877775,154.55192057649754,0
1854.6099984154707,755534.5989877954,687.3337046037254,28.800071628593336,157.81388223251133,0.12005049769582414,147.49541177637454,9.110028595599971,1
191.5140101789811,72065.25307140402,25.85247531358856,170.552787910694,6.447659752133623,0.0,625.1460709180625,148.25951023188543,0
2174.6550310745956,553552.3159720367,885.7439345812295,56.19284368959855,280.48715558938306,0.11795372952436808,169.27334371177648,9.451473841522375,1
179.7365367275334,38826.72397948725,7.7049260264040225,141.5601463230272,9.56732486882854,0.0054624226523725386,528.20719962273,177.1191907643381,0
2218.109266194886,820765.1779024798,716.2055367164539,0.0,285.4494202517533,0.17000619161626207,295.06737638464955,1.0,1
200.31695311811342,42739.84902299023,11.687141640489237,164.17425783495997,12.79955494706434,0.004556782077272509,459.7114042824365,101.341785814156,0
247.38248049241497,53870.58729395744,27.68603765496369,178.32321155030684,24.476918127383335,0.0076919413451198345,401.0244214259178,66.00152583980888,0
1738.3819860081614,996413.945291827,658.0752491811763,79.63681642845337,425.29768948842076,0.09901409514416784,293.60194416535535,17.067835677710704,1
1690.1740136708531,908066.5969389437,490.9738189776717,8.172225613322723,266.16967825600284,0.17859451230887896,277.90283899501173,15.930649207271006,1
169.74996435956345,60845.15160929966,18.92466255733936,186.46649545518216,13.80658138468261,0.012056589208860057,495.6453430635107,53.9924043213847,0
1371.8403714557257,815128.714985657,1095.634688884662,44.55046614129287,194.23796053744314,0.19019182113126817,272.4652308226694,6.606185635201976,1
2200.6573196109034,710561.1924462924,736.4873130547722,16.89077576831118,282.39123034403707,0.14516957232992558,118.67395984040591,24.639075931165593,1
156.1569610916206,43353.73999936869,25.886401517374026,124.69047318805494,15.027655693146352,0.0213582984885013,413.8441119122191,155.21227808370256,0
136.21568383310392,65369.656539176445,15.389737194191618,199.51533368078265,9.062367120064133,0.0,556.6356379070671,136.20700560770203,0
158.88749913548398,51620.59559062875,37.52647554550939,138.2233404676627,9.502690566097481,0.0,526.6222984634562,125.26517245716698,0
193.44566746561367,51459.382941447744,29.704979808637308,203.4903064697936,12.292120691028611,0.007972306443361818,461.8493980296289,73.46435583619095,0
224.8580372026882,53730.523184341786,25.841690733522903,102.69643916237558,9.004948037424942,0.012900500916637553,546.0224673206288,180.09421885103978,0
144.26915184660368,39095.527474495226,16.967983832895026,162.15497566588468,27.239013767964536,0.019611572137178505,545.9405553342084,78.46828198613922,0
1938.678513864728,795895.9264933283,758.6145010031196,62.07856038107269,278.5489523349866,0.2376062055332205,158.71955490900166,17.848981703128693,1
177.57178959858228,47856.24890294886,31.781848528171846,193.99087270860238,16.51871251225664,0.021526828774815703,404.7488431906493,80.26056260774327,0
195.64529144737452,60991.91555547813,0.0,152.59028771283903,14.97585813861695,0.003423138912075312,531.1429373800064,140.36167874373967,0
1917.713936396207,706507.8788607972,1115.7423542612,0.0,329.2843759938068,0.17556664870194363,267.8697123452948,10.127578665266578,1
181.91147612779145,49091.29070374037,12.538835170572739,220.6870939048082,16.938128857573737,0.007095368258595502,470.7328706648144,155.55375115417715,0
258.2653767773588,46219.60708268523,1.1442709555652932,251.76927117314347,21.85372253737489,0.011155495231644646,370.49603231686007,126.19212359898637,0
249.1369755511529,44928.94719571758,28.395680907742523,129.1257926199646,4.374949375484917,0.006455520040237177,463.8981565273708,156.60314097496882,0
148.28459741628006,30471.844699517518,43.59771934329612,181.36710862898298,18.88608268228063,0.0,547.1584807845887,182.19447324108543,0
2253.1379057696818,662137.915753422,750.1831478325965,38.47331449859062,474.1723828700153,0.1276823784580572,203.5583951173477,4.729303054547102,1
2268.706886634986,714663.1103078111,825.1306948080888,71.49164722550158,286.8605894423533,0.19870170344448682,204.71958325225674,20.476480889653473,1
203.6016786616289,52369.55388719246,11.684772273336236,146.48706964889402,12.576489840242289,0.016222587482702062,459.7410397245393,58.93617066541133,0
195.56017761437496,60494.98605863319,28.630924536109084,212.53030714878557,16.226774742862084,0.04293854108368148,344.6482457754693,214.09255589249557,0
219.14428681925247,46356.22707106758,25.39304552942874,185.46626025015328,11.319960499051142,0.02382520642408226,544.3886630316725,108.87293513335698,0
1312.1855636536866,403684.6312166698,916.0654891890034,20.51942076914429,290.8366448043096,0.10340942344509488,142.52178958713174,11.068902159365912,1
173.86406519151598,46292.218305379385,40.767113258590236,226.31876210262197,16.858838202764318,0.008874300930320092,587.3766254056196,53.262560310858305,0
231.56441129192703,65167.92657139248,15.968373230699513,190.26777996172342,13.994051182526249,0.005990015211976155,452.5813384145261,99.6190317890894,0
1745.7331962011021,786245.7226575764,777.0502516619542,64.51263133295147,335.94324218994177,0.108914493691802,120.51241724435346,7.240373117723742,1
2171.434466284633,532532.6469659677,742.6123129592924,51.957413839395635,378.3331469019842,0.21256539979110248,219.54803256931604,10.355103491682124,1
131.7629173899217,62472.1142114245,7.181487522713345,184.7241386002584,15.662596929140289,0.013002934374411797,607.7267903716688,56.002721161646576,0
2672.9052994906724,885522.904992457,866.2864208073099,40.81308903582278,246.32419001428653,0.14878083238530235,221.21498850537455,17.70835423404597,1
190.46744712474202,22503.239803694247,32.89929698618241,167.35500512126052,7.8868567562512535,0.007474259620087976,537.7546853565854,211.5800246138302,0
2267.5234030073093,802962.5634589043,779.4552002575742,48.019348845987786,237.46505834392912,0.167691651206295,188.5797415748663,16.07025170319043,1
2508.6740786538935,906222.883718596,724.5179937106523,63.20529877215232,405.0696723399194,0.0816438233744234,188.39436648629862,20.966716930374066,1
207.62812560512342,49773.14724674353,9.679677548384225,123.4593070538939,17.39901160025789,0.02486150645860495,479.54784608268017,108.08096468762416,0
2984.59056560966,736152.7250105211,877.3599108849054,76.9225158479396,311.6028397286871,0.16442409058043045,285.9513686769292,11.719526802847453,1
1150.3365329924657,787765.0819354121,560.7744535686488,95.75357329646806,161.21126948843784,0.17968217081216012,164.51917030580097,15.856235326125304,1
246.77735627325745,54102.120156795514,7.896012722172115,109.41535790462926,22.309204296967998,0.0,594.8895481083506,170.7730127215133,0
1774.1414135152415,773748.5953442581,559.5778482326998,44.627271173978954,116.47182025638872,0.1909162857544509,305.7004479869565,6.887158743720036,1
329.8836863297916,47193.99553161936,23.964085022070677,159.60091294662976,24.87671558922763,0.007523869668755741,425.0104968619663,88.0610506892013,0
1823.9681312998005,966981.2150883272,817.1532887895677,49.915824425246754,238.0479356312902,0.15090752639727326,255.54504222241238,10.58132068685531,1
1846.5376227789322,815464.4048764706,894.5439254737552,37.72346878627251,197.6975968507487,0.14019949806997195,272.6545778537328,10.809094949076,1
1547.1506284281913,637673.1175653221,825.0112382223782,29.668707279618136,197.39595409537225,0.09336731171173275,215.96747222081538,5.687938670835942,1
214.46795784785556,42805.184540214526,5.317362401311527,202.58840012852642,17.603604493508694,0.011362583062534922,371.2882843432225,101.17710055956321,0
1912.9411779057202,885183.3731167419,703.3706850077773,47.696438735742994,238.9321862454567,0.264299624233585,201.0817140901493,13.66807684813492,1
216.3997741857055,38185.2093207118,11.380176446866251,192.84184036659343,9.889563770116517,0.004396485075777989,320.94489805481027,65.44011656091817,0
1372.2244423782968,874850.1345945416,921.5863280356609,51.51999620538735,313.30065819880997,0.1509942354931345,290.07105763298017,12.947297493115418,1
165.05347857106267,59814.79749308116,37.27418286628101,194.0523870395167,15.065269628377202,0.007515767920289667,350.1854615584677,131.24037021947248,0
191.65360349457174,33739.155113734836,30.480295776172525,141.66163577218947,10.071719155166598,0.027727899230910437,575.9050565522209,92.68634902137914,0
144.1307943505196,61913.89640291414,9.13926417387521,187.2572559180145,10.076737075038118,0.010779613974600403,445.760849053171,201.8962625543975,0
2055.944232303774,666166.5567016993,1016.8674013838889,46.153695904909256,438.59289444727233,0.1603510064139909,312.98094981177246,1.2940878774934532,1
2078.000026867076,594177.1927820031,795.3253716008214,55.700747980448156,234.4308411002928,0.14258125092048693,151.46429047441774,16.751983136506635,1
188.80705915597503,47827.738417813234,13.154439758201994,218.35226624043844,11.116244231968395,0.024851563449378528,521.4313485921508,161.54275189649576,0
1934.127991021863,706114.0656576292,935.3545589571953,64.92258484269621,402.7831588432296,0.2260486708990793,166.04664458422582,6.686914233372039,1
1343.5259079102334,488555.6564762505,1064.8566384139976,30.238995014727905,283.8005144012157,0.1182923029951953,294.8911227901821,11.561642951774388,1
1988.9690745586724,672814.7291337794,1071.826587030592,54.1601384975229,271.51859653090486,0.08585471991072667,231.02993049309964,7.298696273218123,1
1505.7036676008706,842398.8185344851,554.4299738973173,18.030597966305375,405.69722651809354,0.13738060361470164,193.29450409376787,8.014944938520927,1
140.208017720548,50604.68448117368,18.997023325565916,137.99311521277158,17.20679346264975,0.0,343.8402954873471,123.39133145603242,0
1846.4139896252552,790532.6463005337,648.6175551391015,48.282659868831935,292.825941261026,0.1258652741194681,239.9616052198177,1.0,1
2417.803817308509,1214969.9126628437,750.5382988784891,92.49766188483265,241.46376953969929,0.15409636275651545,277.2496342041767,12.665171424912607,1
2109.81393484442,884969.8287179316,681.2089704504225,58.46293149387272,241.93725007336224,0.1866036743713006,94.64232828158892,4.800672471102288,1
113.63397884038257,46524.765878064805,16.928729269142146,168.86984926171309,14.525776965357489,0.002789378852012073,472.0072173797145,107.2627870213622,0
216.82915633027173,45071.4023110444,13.525405715204808,155.1265603758238,5.250994121734841,0.0,436.7629613584178,117.46876284332846,0
289.878058332232,50310.472004885545,12.879458338170368,198.99265291452366,22.510575739973063,0.0,500.73659378503726,161.96281673508986,0
187.40113108965573,43837.06911807892,7.2050320408610204,131.3798856461722,16.523347495609134,0.00453551942452009,366.78825705901374,82.11000399082798,0
1837.2541941781178,706936.0690619821,636.9274415233658,49.80283256085917,108.93213027463003,0.18316038149132102,216.24786556708645,7.751579086604478,1
1773.3264972650838,1022893.4831713773,863.4140904937691,28.09501142403044,92.46577364028164,0.08386388374971042,134.50056507832974,8.987437323285912,1
1966.9929056737594,675461.8815879088,1147.469981356507,93.53860113411051,224.8157526689722,0.08529163248599766,206.4229232805901,14.161313187177562,1
278.0719100901787,45065.31790846124,35.09870683120315,113.78509984051261,22.596938378227563,0.012056566405948987,530.3764075517191,124.8284141671185,0
125.89073012785896,52882.19063090324,13.656690064744545,194.46402087374335,16.898760942493485,0.02758110916214339,491.8614795517783,99.10534563034822,0
298.02423003915135,38401.60714233035,44.927388666385184,144.77128317154234,7.650712419464325,0.02255407710486642,461.4121887244754,116.6886360120933,0
2122.210163284309,628269.0911549231,977.2301905966546,83.5013165193617,456.4814611871661,0.22875178874562602,217.66360796383807,13.809820678418513,1
2572.4532060116994,610219.994747079,658.1014261804442,27.7999367008036,267.8238640110001,0.2348975439894627,157.05451799353307,10.288572079397381,1
211.76380557941317,30261.661301410364,16.467563081723917,192.02459227058145,21.435851212540438,0.0,406.63292155820983,78.83232626915708,0
201.53157462972086,34320.69583569501,13.970216874329964,158.9258721605129,7.942313727119075,0.019938846034779245,452.9276077748493,99.96635373885869,0
204.95174105036006,46203.23529151827,16.02222086059792,157.5869106868093,14.674191909296544,0.015250720408620667,485.7341886735704,163.32731659380707,0
985.1729937017274,760875.4831637564,695.2397797704775,47.29263243531233,242.9806260881462,0.10597782084960244,138.02438082014382,8.935150983706691,1
292.3912506478023,43584.57279217154,29.958587243723606,169.291566918101,14.001651004135717,0.01819406120864795,562.9397945523384,68.13966677444017,0
153.9574801095436,59080.62843517985,46.71763379756685,213.75756283566224,16.231390457469292,0.005461401416458136,486.03901015342205,124.4397458028503,0
1313.410594375739,631106.7341473743,1034.2607264232827,32.14316988996593,303.08106817491915,0.16521505373208106,116.00785022472509,11.951257318302847,1
248.69470641087005,41940.063911682024,20.465131702147414,155.458297628434,13.602044232412364,0.021502237584974535,400.10721488568123,62.67820920125284,0
1677.4915733191506,1038710.8717583355,422.8405291032858,25.236855434336572,255.55690253154546,0.12934121084301475,190.82950868406132,12.029604424309918,1
1297.3064586548685,1014434.3596321738,585.8099522750131,79.33378890638062,206.10912596167034,0.21210464060738687,210.9369942994847,14.576738988757992,1
243.92251506536363,38046.41025701897,26.16235396553313,193.92812063779274,17.903113097234925,0.020644704608191785,491.49050295750845,160.93639109793153,0
145.87864013058567,41937.181793153155,16.426949397331843,114.84009739758801,14.06300389548008,0.0,490.99897410763805,109.25688328978424,0
1921.999033803849,595408.0292506318,683.2701996252838,54.844382909371454,120.00345336855486,0.2617087340413025,300.7670889945909,2.430794793415906,1
2208.470300725542,922194.2770424476,1178.4367533936459,59.25535463752435,290.9559853006386,0.08101321604855928,347.76481864060895,11.549615872996743,1
241.1876565938091,41866.09587653323,15.056600498173058,255.61835973097806,17.05184351335769,0.014706495861040718,505.1386670436186,119.29945051393598,0
148.9688490243331,37720.84449308157,17.724705846367797,176.75571373802555,18.0117641944626,0.0022182571572213405,574.562860692342,48.31300170007374,0
1887.7710447782558,876388.3045698414,707.6241465726157,51.703898978660064,450.5944123978982,0.20107177961341383,179.23429475030844,19.854665651859165,1
178.6373676831733,44002.50550881135,0.0,138.11164959691854,19.684844977946007,0.030554768586186186,716.1941781188502,128.12801352402568,0
193.44312348983274,44933.97304028797,18.448697104675997,215.576538260981,14.514704370629294,0.018004183579152143,199.82721581106614,169.35161631254272,0
2336.7793330130503,855738.8624217955,564.5856988699516,49.50579895857483,223.8188617440348,0.2116214354839388,267.4696827707348,9.835405710191653,1
2123.540223321506,1011124.7560922492,854.8477305395157,60.48370667389523,183.9099441571612,0.1733710533676716,138.45683348617075,2.7279362354649894,1
2047.0652704535896,713378.197065681,823.6077667314147,27.300653028013514,205.5684865992547,0.07844271025407568,261.93883532150363,14.943614003609827,1
127.88504322202944,67223.59941995649,9.07817672913042,177.86500622285956,16.221208716152862,0.0,404.62259606349124,121.66894453082321,0
192.16810511709548,62456.34960171873,1.9038303108277077,217.10183109254172,13.337184092608199,0.009332113211711892,634.9318048450672,81.32495633077463,0
2222.4111499038336,878746.1342171282,894.2301626660178,38.41495483902621,301.48070182302627,0.19012241773904126,203.3726846061227,9.08125023064713,1
227.05658054022658,30790.840741048185,15.374786160571745,169.7072845893731,20.77875518749209,0.0,585.9764064796079,229.11322839472686,0
2374.008076293034,711767.3972456076,972.0787177941149,31.088970597585334,86.99273562414794,0.1619383069426778,240.77888189417877,9.616655971895257,1
2183.5923075466562,645030.4124812864,647.9797117841506,51.459868351732354,257.73918801123426,0.22739510077763592,290.65527830735124,9.62977232767415,1
165.20286941646486,50280.22187025876,36.57376120232497,167.98766967054746,19.41706087045295,0.003065866688326476,373.6249680593478,120.71226485946579,0
222.31610737715317,49928.831448714845,21.18664169723996,174.6769423195493,19.63613242844395,0.010638842255033316,571.4927134100402,146.21303898316714,0
2064.241995751777,1075722.2772149104,923.2672797082021,66.43832100173894,213.59120260218174,0.17195573463430974,216.44718319321828,8.068165556965566,1
2072.3746306655084,1049741.427675902,529.5671885897855,80.07532166134244,220.2386341633142,0.14123770188713997,201.3537802626461,10.196260369750169,1
183.5737388438553,53302.89945616592,31.86142502118831,170.7576128040204,14.322360911031758,0.0,494.5385119149939,168.09512466311023,0
1932.7081149097899,849027.7621710986,906.8628256543963,0.0,244.3131474752895,0.1638409476846115,56.008619077524116,7.755200545995602,1
2218.994733528994,992414.2779253027,830.0951844017229,86.59101371167807,288.05592284565023,0.09544848309132559,319.62357353512175,5.849710602509573,1
184.86901202647766,70109.26112400513,4.5074282365575655,111.73450774662888,11.360097573179424,0.003370339530302465,566.0772206415934,135.42235222193887,0
1687.0695876902864,1131680.3861384336,899.8965054577998,0.0,416.36943566260186,0.18049897231865258,160.89287117245726,5.945581404414195,1
2266.9504975333693,878634.2428595675,1114.8559718002527,20.63817911760489,299.2224471425654,0.22818343371807775,217.17723176442502,9.715699264525403,1
1857.186940258736,670508.4061685968,572.1071553702375,63.73006933851059,214.52954973604395,0.12163799445958261,159.80466384336935,1.0,1
168.89161498728708,51985.786206815166,21.38223425474303,150.05244506520174,27.85160990472299,0.03138174470485208,416.78580980260637,110.37200623589573,0
157.74773360154245,45480.49020146491,14.26330309141581,178.06064398117377,23.449113102205075,0.0052279337105513475,533.3602304674548,130.27034720151673,0
274.36991448429313,58264.07309893258,25.10707949213514,197.057896647931,23.12248922978378,0.0001802769438434878,370.5720050373661,132.46499022698396,0
1863.2112410559434,936668.8766066527,1070.2094611268624,92.00535607383117,211.2637028144792,0.1431759884119776,71.75733814076307,10.715630418954587,1
210.11530959155968,57297.15673783708,28.257136414253097,155.2778237285917,20.081616012703495,0.0005788117814922791,626.5943584148599,99.78100072013994,0
170.4646493018257,40710.1083286942,10.137598894834024,265.7378729910792,19.10299647498828,0.018645851955276564,635.1184328459001,179.8595259071352,0
1061.130508664733,932369.172509871,734.9332129862913,78.02150882336507,409.44042842492405,0.12437074347361965,166.0504108521875,12.263853067818959,1
149.2210459396229,68594.94807623312,30.456401202092657,162.1517894261095,11.65864997347351,0.009795044378271694,633.60485972587,96.96024391064907,0
182.39332247558852,55239.50954192671,31.33789272564012,260.88435803413904,11.747897736634023,0.014986358672518456,511.41175711386137,141.2469777473542,0
142.5398001405853,38993.3873576564,27.25707983318722,188.0002123287302,17.187588566835576,0.008581090014288568,545.1729345623517,156.90032957992264,0
2547.850347613842,623417.4330089866,1124.8054862694717,73.59816061324437,413.76619516033566,0.11046350427583945,244.8120791042748,13.514638866784717,1
114.80035686948122,54678.19782909657,9.714957590587304,167.1903703079427,10.519555961121101,0.019940731700058962,459.75691220983333,119.8838026561042,0
1537.1144787932444,968758.0234531423,680.0317850013407,36.88919723419659,288.8782876267331,0.16200224830153848,149.13767584086702,11.157166653521804,1
230.840709984489,37833.962847105955,14.16113060907781,197.50693200772426,20.551954861787316,0.007113851212305062,489.7752907114313,127.23480905662613,0
180.8406339432006,44574.42179888175,24.698249232049662,165.00843389126968,12.180626617237706,0.0,425.4869182769311,123.13282766955724,0
194.82558659670195,51787.40963286327,0.9023709425371926,150.96567117251442,25.15186495379552,0.0014221999800815236,483.4344187375851,143.68508604613515,0
202.2106189052099,51983.8116062644,10.189006325317854,168.66627305170002,12.178433811193791,0.0,492.7413052692783,142.69785721481836,0
1993.3205547654807,840790.9630079134,646.8672606445388,50.55555245819982,324.44595992679655,0.18282413437437994,242.62937663792263,16.315191545632942,1
1882.5111840528505,764229.8843991667,801.7624783013716,73.08783099220148,362.94016120620654,0.1423748986892466,225.9786428657654,4.273719341643069,1
2552.216876309137,701256.5914060844,1011.6723023646136,50.89691624202802,250.57827030980684,0.08216443953446431,164.708859868995,10.904880975169045,1
179.58334185866653,53630.09247714517,30.813747939371467,151.64163915816633,22.76782334247115,0.009126287295068331,584.0727428170418,141.20236783084516,0
238.88836945424626,49667.05260483063,32.65774925166556,186.06359379278092,10.528584890589741,0.0278512780196589,445.9102309737203,104.56463606554101,0
203.15011841673498,47384.38098933598,16.228071252109288,215.47305315196814,13.480326617399284,0.008638002912160216,519.7330130946021,137.30624610318765,0
168.0124233625126,48761.90705670341,30.823519297917354,191.28351563339518,22.478533605900143,0.022859973646782834,396.2749053734377,112.20959093077252,0
2120.669887523887,899145.6595950236,605.9903996755957,37.385893758719284,342.6428154125996,0.11560770274878535,271.69598714343743,14.33364201400356,1
1719.7444528613855,672875.4206434744,780.5240164925799,19.69569337445227,456.55648200914527,0.13362167039908757,27.380569143167747,13.477586737346055,1
221.00942993624687,68089.1454208277,2.7464573799229655,170.42005457653013,18.17704650509145,0.006022045941744274,551.8411962534665,99.13811521074386,0
2243.175813495776,719098.983118756,824.0911236822584,39.87721843183392,478.195958133075,0.1022748719369281,169.07506345066804,17.00846975342984,1
260.29268104441167,33645.36751542142,20.053228604517006,149.0091201768656,14.736393119979313,0.02808299094493722,575.2784437364372,161.9140441819196,0
189.8958377305298,37354.58008052086,20.412060667816196,237.13353225055653,19.606650989388427,0.0134955794863206,540.4872286719076,118.16455623458165,0
265.00222973494795,49568.66410359093,0.0,138.0863912452072,13.100490879457231,0.006538379313653017,419.8906707664562,142.91312493550618,0
172.02138569752552,60249.21693125399,8.008828738547697,238.75054978618329,21.754954693892344,0.003522723569216864,443.6418762896074,100.01820151275452,0
2206.43043053562,572869.1174988521,754.4117049052967,58.58027699458334,171.99498254482444,0.12309375937294256,280.2292228036424,5.416910921084358,1
137.41763929469303,42969.30919102198,30.659776297431343,125.28984404811763,29.981195476990713,0.0,321.3381179870322,11.610810288761996,0
2099.9520905307177,830293.5904793891,711.4109039380307,71.14323507815087,422.0287524584316,0.15675457071454887,277.038140398925,5.28224590187838,1
224.53833544969095,77039.85107279387,36.87553039486639,105.88808739740217,17.917625459166707,0.004390709991209618,547.7077590930211,111.50647179162942,0
2434.4947619331356,586410.1597084913,647.1686993387536,0.0,226.118808019335,0.22825566737820455,130.77185497063277,8.71126798536057,1
221.74421357318238,52598.0785680551,20.200372908663116,231.05883531123715,13.444003778842033,0.011076863194949693,383.75339146747234,40.167890901121666,0
207.99958067867192,51772.61366948856,10.362248127656114,198.39601065231082,17.80830903901368,0.01034157943540789,312.7824259129426,121.26916794142161,0
240.1792509689301,26557.021062113225,38.421506585682636,154.2470394410999,15.244624123400781,0.019646793941636174,530.8513364613291,128.16671469810092,0
1487.7130253126484,752529.3436025174,759.081405072677,68.37931506072238,135.08587252157568,0.16806556372939277,124.20734702088593,8.828222558683759,1
158.66474765415526,47335.86465924823,38.262093469068,182.99107156542047,18.918798836988994,0.0050180757656563,665.0369167819044,98.03692794604731,0
1780.9505656451977,752676.7277121954,333.63756259271844,29.896077760181395,415.19034392643056,0.12898761237694054,236.91312915339702,10.428188538280876,1
221.43782192308066,32479.01427273029,24.602186394350635,252.99516071228462,7.806124363799003,0.020096857385188217,609.0573587373848,115.46120182439704,0
1526.6047156524553,593825.9038038454,891.6864337971064,40.82669064289763,267.06509407633854,0.1421832285511757,283.4487138306047,6.165918666613591,1
2697.016121336962,894970.7597274266,909.3326653699818,39.90612140362481,357.5876636752334,0.13739983622677343,204.90026002050234,11.655562112252209,1
1943.303162324944,958656.3055796922,593.7341291827704,43.99494892807388,159.5577834272619,0.1924627285653572,234.99540976489976,6.059517333605489,1
2771.2291320871245,817584.3997503086,844.2426804785023,35.94638792742822,241.76592715998066,0.13324936753718403,54.76567765217976,15.909990259627692,1
112.16391087607087,57119.770229910515,23.932297769848272,154.54015800606984,10.264685864530241,0.019802337687226636,448.65037488019436,168.10110270591608,0
249.30681584803838,49609.01078783447,13.486257099324478,54.25334791901024,19.631883739166234,0.015565591280933228,457.37351273222157,84.24738026192338,0
197.03586769870338,44604.6481807886,23.989819007023456,209.70419836941167,12.649956404923262,0.0,536.8086708580872,86.11132169474553,0
201.60538369854675,57692.362080371284,35.012358638272104,201.700617741422,9.002455862211216,0.0,599.5765831663531,127.41166071337946,0
2448.3550652244526,710831.2437804028,540.5121937121137,32.20843123270825,422.2773487482314,0.190053574603366,65.46352430163242,5.0761936166437955,1
2149.225238150051,801622.4779133803,543.9638988499154,130.64336698588767,236.29300449951575,0.18630234666451045,149.34425089907344,14.592630998490563,1
142.18261698673336,50954.39038487736,35.4523215169656,183.16860191216557,11.664247431158149,0.0055320259386112975,481.0256295993601,127.7654506379002,0
2017.4089886742959,828295.3556119648,891.4878032246143,18.876110544598678,199.86322416574205,0.16181876601778977,382.1682889929309,9.408487124918896,1
194.06808369450587,52912.3141684738,32.66304557169366,177.15332044587655,20.633824041305175,0.0,365.34707868658586,185.58096062989694,0
1407.4060131229883,673096.8307561458,491.83354632495144,30.490913050481602,459.9147584481654,0.19665715152005733,219.50134481539453,8.89853549990956,1
291.0323078823401,45755.37290218102,14.146214980269566,180.5005503768612,12.447710664857606,0.01279820265019124,447.5067485245321,158.24511659100222,0
236.97063361504738,48557.156214797455,4.000506659156551,192.16601784744708,24.973732092045566,0.015910534756424746,496.1939876557991,160.16871875951568,0
1793.9039023472403,918501.6647917748,1049.1788364541703,4.8335008984968155,310.58870820821784,0.12690743095331442,206.64087426190056,9.28711881016996,1
2725.7019533393877,508311.40641446586,918.0743088110943,35.32459004468211,355.79510813929363,0.12187708433549059,203.9881126852698,13.91207078130164,1
245.00922820099817,39481.12727101587,20.28326745082941,170.97731915725583,16.458555045470533,0.02261535074811051,641.7333383434351,195.42227614256439,0
280.08894456604577,35149.445208725636,25.55240074279424,198.21193753666304,16.406032279614525,0.005168414447026931,406.2991571404244,123.84508757569223,0
161.02588016372903,44616.8379713842,25.115137019191913,147.2691984432617,10.2755519119887,0.009316522116380368,524.4060225981768,113.59680123687922,0
2248.1405460811316,821078.8470280361,689.1374577573664,39.06944990337118,331.88858642454966,0.11619965191380996,116.5877134162629,13.48976079574076,1
112.77070065129037,55633.130735164246,17.784038300018974,236.26462134602576,11.807119048114892,0.035719301452416745,487.4854411288841,147.8342302410711,0
2199.031309877678,994676.9662304828,625.2812131064816,5.587424895838282,280.0928412022535,0.1891362833439585,177.00578440848315,8.76500629728892,1
212.91144116613475,50732.753145856965,6.495785819446144,171.44577596024342,17.63278625246787,0.022710718708601425,564.9046128955683,108.21456651225151,0
2421.2712271552678,902415.1268461839,649.6749246707197,44.604821392957696,237.3762566586558,0.13067201915620025,187.4050502404607,3.8758912500813576,1
229.3629583401396,54751.28067348009,15.488246427605855,148.37862201108322,11.373028711858801,0.014230359747304005,461.15231743817867,138.08086543136906,0
162.35540413856896,51137.481534861436,15.152692384510061,256.3179397338753,14.956756869938799,0.013996306861600718,584.2783824506364,138.77363864856756,0
766.8320947772525,772174.0402715419,826.7974603715934,0.0,175.34125059571443,0.15036685379155615,248.8635820709463,9.556223444269419,1
1677.495794289485,780997.1520261923,692.4914462874101,6.519662844619333,473.05279551188585,0.1437186765274665,148.40344560581065,11.906830189054396,1
2176.6960858323628,493088.4543647845,597.6542541497398,0.9756125747668278,272.9400288426335,0.20986319106648219,197.6594137629657,11.98037488884724,1
1244.421029182934,790619.1206367875,804.8881283335032,82.70402013427173,286.8989565446611,0.21946101838281207,331.2739360842761,10.122584597692136,1
255.2339607701265,54810.28664763655,26.252119305794658,144.07928986343185,15.583800439362832,0.01560457774958805,431.775620386695,92.92766792805217,0
169.30115993035514,54839.822939515274,23.786393238380356,248.76436280091713,13.706368068062813,0.02104183382169693,546.7135877905254,94.89448733443132,0
1763.3815525003433,749359.4373985284,751.7796188059704,105.89680495676728,126.44624866412073,0.13599928131396843,237.9510859804379,13.513978944777085,1
162.8205885593718,38365.26200207729,1.7864965807536173,140.2090752388542,5.553012060630397,0.027114227989324904,434.85049174807244,137.39150504858634,0
2084.6040053729885,1099545.0999921325,796.119842860035,94.15307766486598,368.30370831217857,0.08422053495049836,182.8711182098204,11.652512173860723,1
1489.1984205792623,1047132.7413412351,678.8678899146844,7.077882271983725,321.8826628961036,0.1178553425670297,155.24529402970347,5.956523422972838,1
211.60806615333598,44690.23495444285,27.39692508412923,154.1035917719353,9.304219622328596,0.0,265.83069591435543,130.54987929362642,0
190.6164504535774,62935.099684593704,13.763974903706405,220.86175463925946,15.83224421974114,0.0,427.13856374607144,145.47821452347833,0
2618.8079628221976,626134.7620735145,816.5108077240636,57.58152863533556,268.20328987296193,0.22677655742969838,146.3057354364657,16.88651327945114,1
2325.3189415680827,738183.9990959592,622.5416575678355,104.89772086791334,100.33079552256015,0.1404670919415402,147.9707858102509,12.669805759081534,1
232.1969396638429,45083.44385034515,22.047066860205298,192.04452668402774,17.142414643279167,0.008068393230613714,408.8897454928951,117.62389077309297,0
136.10312128401904,49757.02616229185,19.267816760161786,223.61887964554262,12.768174224857823,0.027111015603628705,479.50126064008737,45.48233808670716,0
204.60633292170547,55774.0257751925,4.592655037359181,187.81523663755195,19.628223106970466,0.00964021303808504,574.7942228821883,149.91397416772688,0
179.58056863726367,51318.73813121152,15.052515694742878,150.58946952958672,13.654870843866739,0.0,569.1282098922916,52.68858178242479,0
148.82512536890675,42394.911519286354,17.84755543423845,181.84813103259813,13.312617984366918,0.029984658747459307,244.0083433697503,98.44105966883623,0
222.72101691071816,53299.435386572644,13.09884458848054,229.43131571976565,13.895906072248353,0.0,198.36187534797887,118.94922281312127,0
2273.1787172553304,723406.7616590934,851.1209170102986,54.627888414251295,268.4446311672481,0.21225024768991807,188.89391211792113,4.937500397252572,1
1819.5052286997825,918945.632746759,478.55987366014045,121.02887537551612,74.393112571373,0.18302426120133916,245.62711970115458,3.3141611000381497,1
113.4664197246391,38816.94182793456,25.228437607490303,200.03252534184443,14.829869986584624,0.01096057139117443,539.5458648799141,257.4371046393808,0
161.9012770844871,55044.44647662468,23.39641766713351,145.99903329150817,13.025013643509126,0.014443934035776708,320.79671441161713,145.69008600353192,0
1846.5888827112817,730465.9040216483,751.6457008402488,30.324527334843165,324.553838477322,0.14703007095050244,229.9659906050888,20.026339406938792,1
1739.159051282757,802601.9027050331,961.909103110025,58.064905114864324,203.40955083748943,0.1546799295419681,340.476325200687,4.0285973804457695,1
1268.548635865038,769044.1357506453,940.7037527108084,110.38937237397374,335.8305439195925,0.13647134374255662,184.10824657409984,11.358715706754515,1
111.25189701789358,45569.878467585324,16.658792666196916,192.7316481061246,20.941682691794686,0.02265933626556818,413.0591555145329,124.04861463029013,0
219.29232762782505,48372.01003367393,23.654873450385047,196.06995677278985,15.1952254278228,0.008808749662836693,563.5510444520332,112.07815317100885,0
2759.1576929570447,1062906.266362492,726.9959186945821,7.450697156193009,344.08693464480325,0.16820654484367925,305.2045017165301,1.0,1
186.16499549571432,34196.60682154465,17.62740280902598,156.28296518718403,13.826003029427909,0.009578531862873094,546.8921651841054,73.2543298574241,0
192.37387337738207,46079.60204129269,13.05534758074647,232.381025460576,14.733796006804612,0.020756354012788622,541.3908410739067,176.72282216499056,0
1369.6306567252327,913991.2123071271,840.910485617251,78.64077518168861,375.0338603365376,0.1290192259665497,174.20639533837414,11.041658500913798,1
2286.6932030821686,587042.3925235354,865.6484484719967,0.0,444.1087230379329,0.18985220984490095,199.65203205247894,9.801592808566998,1
218.26818710318838,56685.55343256736,22.03206933393905,180.47644064994526,12.592799885547457,0.017101363528765408,656.5770475454415,117.62224140180442,0
1583.5251314785035,828931.8033537837,503.14204249269847,0.0,185.2940963127541,0.2362374185537367,174.04684996583615,12.16941780025228,1
157.71694836163263,32401.842923045344,21.261651964309745,208.5384184977795,8.792988109735012,0.012654240456396074,458.6913612339107,157.70206204661136,0
1856.8550011746993,856694.8363285282,634.3479208811685,9.92143097368642,218.1399628598263,0.053048894457749976,45.90945308403798,12.97151090736882,1
259.38625466309685,50948.26859730376,50.317624151106344,224.87136603938353,16.854941124697763,0.0247322434563947,552.8616721554583,158.56525693954595,0
1949.9605116672872,719658.6627111358,719.9291261819054,40.92746540463134,513.3021769949211,0.15334338254223873,250.6810779107936,10.632896385880644,1
2145.123909629958,668825.0071236826,782.0441500657588,44.03610807364431,83.09520795878251,0.12394494130985763,72.060977117467,9.797133135812203,1
2261.4655934459283,662723.7964440023,314.221938181327,61.101490497963276,256.7030594291258,0.16881127756555236,264.1514016087579,6.348138988196005,1
2253.208379314782,830538.9511825966,944.3805567742351,0.0,289.8279476851163,0.13247923219234395,184.52333096307345,20.988937801179482,1
213.185860217826,58780.585789082,2.4352327925368584,140.75651367534886,10.120808313824957,0.0223280368926886,546.528987539834,67.59134425133468,0
1869.3584813613627,877241.6145607862,725.4428577573626,28.332340525520213,300.8496768138222,0.170233667746211,184.4288966240772,9.495106416553085,1
194.12289163359347,55080.79105199065,37.2613237466951,167.27890264771722,7.651672789648475,0.005650415008638552,483.2793163022998,90.02416876340935,0
1922.6999972672666,895562.3150433494,659.2188431148933,0.0,235.7584586108276,0.12863137340939912,191.75018194820765,14.373470250162903,1
158.93066603878069,58620.000504121344,36.82383585340098,203.6128229194556,12.559456123306992,0.005225813785922915,623.5478597464147,128.49466111951781,0
160.8791833019277,44184.060657183945,8.662289745802717,198.04349134815288,16.7620968950502,0.0,426.44942923569636,65.32437162598606,0
2382.3334292323534,728929.523388846,836.459556467597,46.133212752717064,282.2345270480384,0.10793066085121114,98.00542757648815,8.955666170636949,1
125.97317437174918,61755.0657650878,9.68797931560415,118.3006156879376,16.960310582918712,0.012049393236535748,532.9317731945434,115.98305168728609,0
2501.0619622228087,754981.4019805635,518.1826818933016,29.557330823562655,299.93940502251417,0.06750433791275742,217.4698506202914,6.447295994895375,1
2526.5759791416785,799318.4964809823,714.9715728032455,56.1861838042427,274.3266073579145,0.08578331279364072,189.05056885066645,11.236371086327608,1
1847.2253139664729,613795.3724629146,829.1013105263233,56.31883181754823,381.81909050727916,0.22394828671825756,95.81027575475193,7.983817314160987,1
1452.6447037068556,864764.1511775427,621.7169064850445,82.06082458954094,284.12235061932796,0.12426439887083907,284.37565018444377,21.64224148976455,1
239.66736175999625,48845.011207010655,12.259141150179502,116.72189930248403,15.432553953936475,0.013537504783724948,542.1179083664226,144.23730030587188,0
2735.9752359967415,679395.8718307863,791.9852250905765,59.32339870489739,369.3709952462658,0.14793887739018388,234.69796684531275,6.298384554440765,1
1710.4965300897832,826443.1638349714,512.1263448962388,107.87052372149877,401.2295733169181,0.18813660365914203,311.4288106568945,18.221833508831626,1
1562.4749973239163,1031568.0096775325,579.6460435872287,16.738215971231327,288.6558556629506,0.153147646760801,187.4897297777273,10.8877059927352,1
1797.6323834069392,724400.7337454674,608.2736548658629,75.62413351932138,402.91349410333925,0.19127621331043138,154.3422614151102,7.068114508853981,1
126.82789990814985,47290.71869842192,20.901568276675732,141.30039690499063,20.80933180431774,0.010102867273374753,428.0564443483105,127.24022146923387,0
2072.875880353416,880579.1218972447,732.710819533271,49.49332032905543,244.55062557043544,0.13675088257337747,313.9876496651832,10.824752930386591,1
185.3110539923935,25636.243367526775,18.043776691923117,123.31964347588055,11.65706071276255,0.011620918085588407,481.52396294736917,33.838807145851774,0
1322.0966001579227,671356.6477759053,602.1289889775753,0.0,190.81553830718428,0.24244614186207158,280.7080672216101,5.570900761902029,1
2205.8130101497823,845533.1354285645,766.9589758536953,57.10893992204349,205.30743439431143,0.17327373685264708,20.0,14.400439284269872,1
173.97057935722944,46726.94569744976,7.899471503109659,191.33147192602584,17.187242174307666,0.007646200071870099,442.2852822445145,54.3280666579565,0
222.416203298658,73378.45119172166,19.6532074998141,191.60533308355022,15.161577355937874,0.01813035736887622,478.99442270018005,87.33322665509112,0
227.70582506620465,35464.00720068369,15.72435635407875,153.2664652658119,25.2988294966987,0.003393230562281956,498.5864740789372,52.823050600428644,0
177.96737892151287,28923.10612385597,7.746082005308919,244.91893794517523,19.714778780548315,0.008597162122594012,501.67624572619474,136.47520470135495,0
2108.9206922207004,772874.5821890577,918.6914142637363,61.43815993801262,327.9464111670342,0.20131971470509927,183.71810957942847,5.311692453263722,1
1767.7657342805935,728966.7018037428,635.9636721282318,2.0152339822729957,497.3094536138718,0.13752960466023711,164.9226430649612,6.933134083157709,1
181.4042709339355,38499.145058476366,21.45630314343885,251.63594284931662,26.55915562821415,0.011119592414443779,521.9877363023365,106.75899275555201,0
2016.6441394784056,580010.4551769494,698.8569596081697,97.58568523355493,532.4803959595914,0.10424368421115623,226.01981594121517,4.515336075690714,1
154.72604723199697,40346.48805191237,32.31875134289304,130.92925061793454,12.771602219733952,0.009559148628922029,507.1264715578564,152.20978518912088,0
239.24220183040677,58719.34366519451,28.590460581777357,129.15003360350386,13.514276313849289,0.008278148387048758,606.2647364031803,152.92563877469206,0
87.41113546904766,28439.769574500187,12.158577065295912,231.25335425858077,12.27714634052544,0.016236763264791145,440.27623356736603,48.53341892417929,0
278.2359010834952,50375.23232339598,16.883605660502802,140.91015075472575,17.793989260711577,0.0,391.57203991646423,92.38971286438482,0
1992.4960162305479,613085.7995177291,741.3408955589179,52.36978902825205,322.61653158612734,0.1691780970458912,178.14265334424454,14.188724520230721,1
2436.756211557865,797054.1556257436,958.4825644423728,26.635885145726263,437.48648057082477,0.1789597617968895,237.02608369167393,18.189399432243896,1
2326.5503767802456,744944.7341104173,617.1282887641516,34.35914834955172,232.02236196042344,0.1355556328948843,153.72505296208797,7.074320047252925,1
276.7877995997996,50941.83058232312,29.943504681243184,131.37374526112154,17.097486361548576,0.0,483.83742359751625,169.13164627732502,0
1974.7644189265561,862076.1401212752,653.0262986346968,74.35995538355523,250.37081021162194,0.14507944583038557,358.6812570666848,1.0,1
141.40142035496027,51584.48050499735,33.045136971155515,189.17550645969837,10.62445178902652,0.006216619654760974,380.4121371728464,48.89319755346433,0
1855.885553296761,764807.2942218654,914.4240303162607,10.433772829196492,409.5952273697583,0.11572988708213514,279.0460171615515,18.07211075486238,1
2030.7857533007823,563954.2856146942,797.4606394760955,55.61946569393502,488.20797322157307,0.24859659259847003,191.2758593707432,3.1715846635341034,1
185.13383186511822,27242.63596278248,38.87923971529466,202.34060726430252,9.831821672405443,0.0031307150013828236,603.1413062940705,58.11074693643942,0
3078.300713119566,592083.9084468572,968.8949405927525,59.328693564487146,292.1854998189228,0.15366395363307261,95.95060045794028,8.203220923454172,1
252.27661373948402,52772.89531210847,27.925074116726066,138.66650016043883,12.30644051725466,0.015066059096794558,510.4863265941886,68.07363953437533,0
1790.9956164767757,978398.6972830098,788.8014016603862,54.796301639069924,369.0250134575882,0.23204242081112686,235.51140856090583,8.697965465627592,1
200.14966455999777,60808.56204950871,4.843080784865283,175.373086300822,13.445466639637136,0.002389660963732142,627.9688015671167,66.83243472799722,0
1731.0424621223904,862716.8144439616,434.82924683336955,78.95276036377743,272.09576324365673,0.13417361074296869,175.68782920629192,10.046609017836255,1
223.87646686333977,41532.5590711598,28.256709533036595,152.4619152958314,20.585529057280155,0.01951165170778927,426.4269920154875,104.69151069508182,0
1869.2584013604067,792572.8682401396,608.5669309501695,40.06396167811202,415.79132292851136,0.23766764963049125,211.5693029626466,11.187633734156755,1
188.72842753859504,64008.818603129665,24.846435113117025,209.98202155704584,20.064068525976865,0.0,571.2430118493036,114.81878456250432,0
2526.5392804818644,730761.3501281096,811.7440984489067,29.76665061838706,420.3686866842994,0.11568013212513076,340.9421104456181,13.626488054187025,1
192.2735258965599,57825.58825715159,15.642699118332605,222.0829954409497,12.070931965820586,0.01613585516011376,481.7089209812292,167.71410859810837,0
217.01049884341688,47056.5227647275,7.523722008562075,187.58561996089554,13.113821629518633,0.017070407250969,464.8035571175492,47.72673991383098,0
1717.8077403878551,756904.1926489834,652.5981072230618,58.70403495269083,368.90568169738106,0.09726945244181158,165.63696144822472,13.354441360749147,1
137.78970605695653,38890.689047842796,23.204495138460377,189.79105135194627,15.507000167026284,0.0024101513600690043,420.6010572168081,165.84757510659455,0
2606.906072822816,976052.9076118394,872.8100474995551,86.2674785681471,188.87457463012336,0.17669205082874678,108.76695845013,6.500273324580244,1
2408.7004350606844,859539.5492008424,861.4105814091306,20.945932280848968,248.3503582091171,0.11419300879900501,232.34479693313284,9.47509227912037,1
2088.6475791397247,702098.3020119108,975.3413154751728,41.34216014941849,316.98149087460973,0.13947155183635285,265.3190227475285,17.898339134466053,1
1609.8309918490645,880979.4791714911,775.8946611084561,40.00048822365206,289.58124465985543,0.0805557014568732,284.067791538298,10.50137272901276,1
2386.976184055163,940489.0698283159,839.178566993517,2.070278233134971,273.2664798620146,0.1548154540803648,244.01910164985637,9.583497345510818,1
221.9543339464788,55481.28379642196,27.065325128978273,276.8979160433398,13.825170032510767,0.022214722002075707,378.6397221860858,97.13115555291516,0
242.3291992921702,42756.57480591799,16.063625287029556,275.3544415192749,14.583336865016928,0.0018315209762454505,568.4998072766826,119.90634447252167,0
235.34248204495253,45082.525802698656,27.260290330391413,175.35202862560985,17.52103759267229,0.0,370.15895210380586,103.31157323137012,0
183.27719138220615,28928.07652670312,24.003099083096732,116.20498943937599,19.45013578871592,0.0,316.20385169450253,111.3592817876265,0
202.6233399178122,36269.96983114461,17.602289871064084,163.45579029022326,11.330256041930337,0.0004411741197207445,596.2355711334365,97.51712499559521,0
1966.844185456792,559059.2151581624,866.3643093553405,4.990733274438178,462.93751728026325,0.12759552875956479,177.1916957850995,12.351289029672719,1
224.2580556272869,65828.29446773333,21.071550728393234,132.88840929196516,10.943518326066254,0.005943573674871628,507.8336459953126,80.84139884945037,0
1865.085196863217,629131.3671142401,707.9818159712233,89.11480321569024,163.3627952015026,0.16508163664813388,311.31206884796273,1.7554688784238959,1
1768.4713113652695,576831.5104537472,932.4154273391646,84.5175433097908,327.87687746074675,0.09529285391848422,352.43944152786446,10.175028780761691,1
2085.7364301481234,864482.2359742224,725.8590794225155,19.339194090560937,439.50915373207863,0.1815865038721721,390.4567621883009,16.632563357919345,1
1484.9061492397022,368777.6100316936,476.69356517916975,25.803693349476635,362.2546402549061,0.11442892910250899,204.90812956023618,10.15048476304944,1
190.50380794888716,52195.84927179944,21.39111739761592,188.17390748835817,12.053645704680019,0.0067835165135803534,368.7999985422209,62.521228101231365,0
2216.97693514397,906310.0327483899,806.3089357208863,19.152068020359,201.8451601555444,0.11650585968104996,88.47932440880221,9.851186901947825,1
2113.3329517427683,720371.9588784135,414.4113844082873,58.61890532247703,479.7699837794804,0.13639941295599325,165.884816445262,5.826443404912869,1
1917.2515707622435,810932.5219566984,801.994077052245,43.24243422450251,261.3630040260618,0.1391129921616755,166.8950565942004,18.202382772044256,1
205.09629436863287,59425.936208997926,16.26557033650485,179.24069601276554,17.39866257761256,0.03018265543792186,647.1673300670877,68.86360239841505,0
256.36206034840166,42864.46018629645,5.586492002659462,161.46221545498415,14.80118884285913,0.010469761962994978,458.45073357608044,83.40818379298813,0
1998.3256977472945,767658.2757575905,683.6369769441717,55.51977073325431,279.1201793577079,0.08959121571594154,41.41230289445954,13.974011750736812,1
239.54030608450404,39873.161486118384,23.57364972155674,147.65478120509778,14.867850226296513,0.0,427.6992457276797,162.47297408070918,0
135.17638359626196,46161.99074292254,6.239566684268517,226.65153226129945,8.320413453042832,0.003516415863750743,498.27125571090124,139.46395990994444,0
1282.893268359929,337579.228557678,842.3065078831039,24.53689728356065,132.127558532137,0.11892572926409474,165.8135930621631,10.678779356719918,1
221.94965793691495,30025.333071101402,8.59793143348842,127.1830741262236,18.976777068965383,0.015502630709401326,515.8297037217916,123.63704033913906,0
1857.1223687677125,681105.884803226,728.4390419766977,48.315855637709745,195.11020937021533,0.21777396998067755,235.11849563736206,5.310785806541337,1
219.38515706310073,64253.28943470305,7.411935403156635,164.86859130543175,19.433450377030482,0.01548087704082142,418.7253038954259,100.2972599215297,0
2537.629983069418,909997.67969005,880.5895719828707,40.64460959497103,515.5287598289547,0.1729886900222261,198.33364790753208,9.181170456485239,1
1780.3336566807618,1026872.5169996605,873.4682882887364,64.45025186827161,378.82786808212865,0.15776996483256953,287.04850342006654,14.332608604209835,1
1963.7276621568558,1033415.6357578298,668.368552757079,7.0487695136861745,240.7137270720327,0.13538291633962432,223.34889628481636,12.559115239099004,1
119.88702294705374,55502.02496026441,25.010854326224656,165.6987956578186,14.698428734431232,0.01727712912032761,566.7045547583652,126.33214148362104,0
183.686899748848,45374.4428367542,30.97327507202867,163.0834297670999,17.230689136198933,0.013475093099330846,486.87265249136135,152.62681369487868,0
1209.125582420164,722438.7220115968,742.2516500161223,32.675749372372934,126.22488565185253,0.06833435668639629,219.00910887491605,12.25687179451341,1
212.0829859910419,44365.28574574931,28.194475726178975,98.36564597409921,6.184572028830354,0.0,644.2530394011809,177.48969831380936,0
2477.068893366265,519980.5598356599,910.3882035514746,55.556879928092464,317.06006772173356,0.20490637337017176,144.5593801546628,8.673981962349714,1
1488.984793056748,1085254.5420383108,1226.6661460864389,48.24164096930992,555.1348953621102,0.2007151843590462,20.0,6.97276834647095,1
172.2336390590492,54597.059550149876,5.711845657737218,245.70937207750518,13.90883277726413,0.003515818750315939,420.0856166971528,144.09677543876342,0
2461.75515985777,1071606.7494377564,1111.5273488033476,32.47780582741214,488.3561263369945,0.1378464489090433,89.01667004844396,8.294372530948188,1
280.54684975059473,57472.72051143455,19.001654195045496,226.49852018727984,7.462594001106128,0.013389618992411149,706.9371151628889,121.99475376005896,0
194.5136274152855,56334.21541027349,10.716758692109726,170.9012948957065,24.63684877615114,0.01455580437336577,570.6392951682335,93.49539399303949,0
2586.933524830992,585776.5034324075,795.4600940125548,78.07143937141981,180.9778905845758,0.17036450899200895,274.6605414584207,17.42312658845372,1
2270.903052141285,849152.5530541914,522.2993063889257,97.73946448946113,425.93384762119865,0.10184060562299999,221.2018859336226,6.801285282758885,1
2450.574747201721,1141127.7545477601,824.036768551952,43.50207704217634,231.89296552330424,0.13563312909997657,276.713063396414,11.738331947738635,1
199.15994212478557,72816.32877276062,0.0,211.46067005327322,12.157789581411263,0.008115265896264363,430.6695772799576,160.3517415696853,0
203.32729079296024,42851.2343810249,21.14933911581013,167.34538307354225,19.016571118121334,0.00938032786965517,579.1130967197558,96.59145991759252,0
196.93378270855763,47882.66197455606,22.108646020880872,115.27090921926431,15.182798322004372,0.019907617345678558,523.0489643429855,95.9143167744148,0
286.0384915582992,65904.52297916023,39.24496037012573,205.38842568360016,13.623453938189726,0.0,331.30337613914605,147.98039225834978,0
189.7281221066185,25192.914900154585,29.194236766469857,170.7149723801857,21.20298273096536,0.01174611847501205,456.11506600533835,121.9920013808775,0
1934.6653591192546,812582.6521766874,834.459343688198,75.30537032180449,220.97528540557613,0.12782431610126788,30.6788598029828,6.569737812220237,1
208.9637817478158,44392.458359122546,37.82293792704712,207.85647563291076,19.139691337236037,0.020017092200148388,387.19967915564746,83.28304779630673,0
1412.4002476411551,667822.8185770824,1057.623443566207,10.522946491279718,233.75299013878976,0.20108518058600566,210.20368076667935,7.038495935349417,1
2278.548028688835,980488.7334525184,745.2615516449273,109.58664701789715,294.1075377337739,0.20932204860599024,288.2461333431267,7.583860359352361,1
187.16729418001236,33401.12118580312,38.00990600688737,209.32214372017518,16.215087806740964,0.02015662283385663,477.42768069803645,138.97717759373677,0
1323.9992928215468,914607.1459737121,661.622641797287,96.97161691585659,318.73642410512656,0.16468513927877704,281.12230780805675,9.873434675424802,1
173.52536454680987,68362.2583973002,14.134843490800357,145.57267827341897,15.511551669044302,0.024520881320393144,498.42210796270393,43.88393751626752,0
248.13287862434206,56216.013131209715,8.153153563376758,190.01293172761854,18.476885739303242,0.01611354420258208,466.62006146879685,165.72302354022625,0
1399.4485898092794,946927.6401330794,674.1569504711691,42.43340425225367,401.5656062547939,0.17097571442233522,242.23853611928092,11.350835275118438,1
2562.975645566891,757124.0435665053,1252.2347057216243,30.727115322161954,386.11528969890384,0.12326246113041506,219.57030279038815,6.073451523249938,1
165.70736619116786,52607.54384141167,33.06999553404016,269.6735120004394,13.779386141236905,0.008092801221918971,723.7948634987013,78.89092160064943,0
184.0446701494551,61887.84114353874,30.20882821002474,177.7809593497466,16.147282372223312,0.017779342200275428,481.36175740394833,5.0,0
2823.120893834161,869810.424096738,755.7548698697843,44.106491515544164,193.61051002271245,0.29003422236716436,84.98485816264883,3.438674512492696,1
1899.1294944074614,846826.0428277294,1072.7773148708116,62.416669688428954,333.04760796432623,0.22193666250144573,199.80930321942958,10.751146407371763,1
212.4518061153471,49920.95484626764,36.27401339464686,212.87748804434705,7.886996756084914,0.027182372414513815,345.0154212010749,11.33053646418729,0
218.27372363214172,40056.648915048805,23.369566760601906,136.89054567810945,5.060620851993269,0.016323153404675467,536.4515659272851,100.51751848675644,0
1839.8853479273944,845829.6513134623,821.3916087734411,84.42027268224084,205.3376875080418,0.04666339411607753,83.76484264556959,15.567103267687274,1
229.91735235374415,22373.24494326257,26.35843338265932,107.49646533725434,14.18932746678041,0.01569797948705767,556.6407882671606,71.14965588678515,0
2397.506842022512,760777.3080143866,907.7807882229733,26.088045444509607,352.52772064978905,0.26132034494865614,160.55884034262402,9.493286350824794,1
214.82090004043297,43436.29106451891,17.054312453383886,195.04278385283084,19.957180466587566,0.007416796427288826,296.8066809956297,65.97799805016422,0
200.62470593638437,49767.66289149634,28.479587434636997,197.09924168483354,22.963642280097844,0.01711463651567547,653.9851486530245,105.99452904101467,0
2403.758528376605,680406.0975613409,706.3693654706229,77.79937772435011,274.7675943408663,0.024790504017685427,248.28562589480183,9.568827226656959,1
1909.8005262232668,912643.4457483776,547.1097303434144,76.03819574075791,224.30741496035853,0.23747744143920108,223.1101106687271,11.326935334313243,1
1500.9846157610677,752371.2509200169,927.1089142484464,0.0,400.3111734337649,0.09006771496546402,184.56976320879255,2.197851899577836,1
1900.1030198358096,931090.7381279008,681.8480486708072,136.03887603055102,136.1015213287493,0.13266156867332965,167.93987340063518,15.45330442666237,1
1897.8454352582928,999967.4433387823,501.922724763188,79.70483600315958,410.1759261329277,0.16792742397850352,272.6573944667232,10.316584031076454,1
2477.3605305770325,652885.565348256,815.917248966546,60.5481333626888,296.53940004694,0.13805072064100526,73.87173293860313,14.28288326016487,1
191.03866872751226,36881.96834222789,17.065969089360262,164.7750061173454,4.908779571001656,0.020540415961636707,543.9707388414637,183.65047879200807,0
1749.1616265162384,733860.0856185656,446.04069797577523,42.0390988065388,286.36082227853575,0.039872998604227494,240.73836306529773,17.432816269932452,1
1599.662145873526,1026982.8082174076,923.4588161323122,34.781892835728975,301.7140667973202,0.13521372230062834,249.91927682905435,12.441770475532383,1
184.56634722267938,37509.40029321947,13.377551806754074,202.07819585222396,15.512114053594559,0.011180097531291237,581.8027753723771,143.3338826465841,0
1812.1733956110495,743526.5326043357,856.7518008704941,41.77865843052229,340.08358768586726,0.13203557774861202,207.21421278770336,6.867744878197294,1
2744.928389299496,736727.3590899731,661.3971351070295,67.85790534325191,289.0712089903917,0.082325421426349,105.62553481896545,13.850109954479851,1
1248.6859830546719,900724.9292750373,440.99937745933005,43.3307550481978,293.93097990684186,0.22706452359080842,280.2705050964826,2.4684971739464228,1
198.21946319049545,56049.933756788734,24.85688959190515,200.04833308456858,13.262844147569028,0.024577866947114023,718.6708160931873,37.2529218445669,0
143.33563929982597,64493.448012363035,15.667673433769789,201.06792168418306,15.90167670331957,0.0,567.2154978200707,99.5136062255476,0
229.3111165679639,45528.42342670053,8.11119846402395,192.5898522235835,17.54187662508974,0.014990226007177442,457.9742102299765,109.9126910210145,0
201.77882384923123,56600.37491790335,11.473068853651801,93.67001349008291,5.693051223894891,0.0020961134631777636,512.7252030297216,144.54719917417816,0
1995.6790442266652,969505.9919434205,1196.939091458215,77.72694457851766,370.4283020399503,0.1495350699554093,250.58478416733493,1.0,1
2106.7167383178676,793402.8905343574,877.1404971937128,113.30904871777508,419.7314734287223,0.1361615449445186,140.33045570620857,17.375685534211854,1
2312.179272244028,692035.9002574019,588.2116623537017,34.13725704451994,349.96644889542307,0.14539656276404578,306.9873096986355,7.387692217704339,1
2304.10896906537,657351.6321700814,905.9485648119645,91.38326518946099,264.24033716702286,0.1946168268565457,300.36179821013036,18.12834705881905,1
268.19311149069546,38720.46976494331,14.39551190205627,202.59762614187258,11.168056599444196,0.022511094823121792,448.90873382333245,204.39941656333448,0
1471.4606458695318,803985.1417036322,1013.4966432529222,10.638923683070345,270.23165144597795,0.08973020035444304,354.18479485327305,10.043769741574994,1
1740.1970039054684,655382.2941472516,743.025233392506,28.40419910031803,400.3936605971369,0.20545633448242243,343.82567181100956,14.204222004135232,1
2706.142462597449,869326.3434125317,732.420582659082,71.10741338173281,341.28263071564396,0.1477796975855409,216.53884732893889,13.726938265425645,1
256.80243417777143,39754.71087086994,12.235255918516362,149.97208253983356,15.820736800382123,0.014889100117578045,333.292708747667,128.03288501846689,0
197.5640799034941,56946.706116284084,11.025070291453376,74.99413263612792,7.04675150865291,0.0,472.69027160440254,75.88957290930574,0
136.1491777514886,39527.128536161894,27.040150743216543,139.67808516503888,17.153596282349923,0.010392279277617565,602.5686684233465,113.8524772592999,0
2281.9975144024547,1102604.4105838458,1056.154663228634,0.0,198.2444580981512,0.02,303.33096108266045,8.308771081087341,1
148.38686647110816,72676.44203899255,21.137995653402964,233.5278453175461,14.71215118797298,0.0076373355496899805,522.3724158326204,161.51957160083106,0
99.8238853966743,60287.80919745509,15.361995586485655,169.84649755497867,21.967597548050307,0.01684954556655008,497.757569173022,73.93982754506223,0
231.87354513255607,59146.240539868464,0.0,155.63587424706716,9.699230512008665,0.02411167174149276,402.2639380307048,162.17122196371395,0
2598.2004645535703,863732.7793852224,647.3707634560996,59.75482259124499,381.5214056987588,0.217700453430113,292.8359710301374,4.923564687311524,1
198.6008771734891,40848.75340520499,16.00279943710236,195.5722156441764,19.24835126224247,0.011212241836893566,748.0156324485105,113.11562274206514,0
199.74390666399643,55755.465099998946,0.8622026517107386,213.56805420609055,15.248703327222993,0.002513176914713238,423.5832242115777,125.97324104409532,0
216.71475642488573,42223.94072251733,19.725666458162763,126.88269944026234,15.688123026036479,0.0,404.6924634770022,134.5616432445281,0
256.50496582022566,45097.77849961225,17.564719582751387,211.7138847407072,15.25698927158546,0.022391599984204348,611.2014598136794,39.17040544634331,0
138.88128437300486,33416.64434417755,26.407291102029202,220.12823478471003,23.022049980176774,0.013831690226561928,454.455633733035,149.46835511119897,0
281.4468473811996,36616.17588676156,29.12152395976779,150.65694625995837,16.266989586106003,0.012189388470716359,360.390080369312,76.21178068455005,0
229.13276209938536,69975.14177804763,23.022582184854613,138.37596580633982,13.699617302725004,0.02264779847050035,425.1242012380338,100.89498786581704,0
1807.889988550232,951422.7580221377,1056.7557796130939,73.23695550492434,301.16904066648686,0.1364189678743483,175.64654078421023,6.945648123178314,1
2116.1695565184127,754500.0870091261,880.630920231116,38.92841043893665,341.8436927909131,0.1786965307683214,311.9221857485295,5.720550388038651,1
272.7025090728729,42152.207528440085,5.873589773987785,165.65570585845478,21.027702822401434,0.0031152108913420594,525.269648877761,130.4944143441206,0
248.41391772957405,45177.67521297079,0.8340253248178904,180.1723056937264,13.883551389730078,0.021011925333791988,395.87607636878863,135.43273871487912,0
192.62787550409163,42861.80502781289,29.39420421798181,127.69332406460242,17.994170863280345,0.002668816687174041,379.17200553341394,135.41230682851676,0
167.19725316795163,61649.444451881274,34.408125980042634,175.15886336880098,15.128372268289995,0.013303877556559818,560.6593157559428,52.59413501644022,0
139.0593469788186,56517.4814140304,18.035015796018925,186.36384968756022,17.123422266028772,0.0022564809911181675,441.7449856651834,66.43380101041699,0
1674.2034048554367,987384.4300580178,713.3544456159485,38.42562316721491,181.38836182711646,0.15388774315079803,217.1580057837623,1.4772053132403933,1
151.20205919425476,38390.88043613261,20.446582809634663,180.01080416352718,10.273086603200923,0.009989867674633843,574.1366530930904,136.81928050943998,0
1678.7739422885954,806794.2446487624,751.1284688076389,42.83453791417547,243.27202005117368,0.10598343135833188,259.4687430446522,13.797316005544339,1
306.42348662175823,32667.908967910167,33.28156620895797,192.12193131730868,16.272770627563624,0.01072573080591019,453.74211527129154,102.01431637311445,0
242.7342865067781,57903.40581784704,40.54545094620777,229.0916458656877,22.492101378251615,0.013381059215063301,490.3790138107223,76.76489000937224,0
2354.420541064276,975510.6485579873,676.9433774471318,27.465323938968364,437.2544284097246,0.06191106885637214,229.78826025014806,4.485197501384681,1
2139.4878901957895,823878.520533008,1114.5471899588479,17.018947902539253,187.95235016549537,0.052683422051677295,170.22854243729,1.0,1
221.73830372333094,72995.89093037319,22.681627809553163,134.03362837845458,13.636189761644786,0.0,646.9570695761511,74.82287997236085,0
321.02075061237014,45465.61701631407,31.425892227901148,83.25542869217142,15.673097181612983,0.004407635666050062,675.6188068085139,159.97214798808824,0
1418.2828813923966,1024661.5817200444,975.6303823847647,106.46540881019058,147.8873720614969,0.1833967833590266,238.00605899749513,7.5113209405344135,1
1340.9957424588224,815828.2901004327,878.1861103688262,78.81254438331874,543.4532668849158,0.18496322529792616,86.8067208953428,7.135267640774494,1
2435.585210953995,730585.1922999902,702.5055770396871,80.23572291468552,327.20995520236727,0.21133334883183708,226.01340328445792,2.911157584671934,1
255.64829458301318,44454.27594359553,9.83983470591778,162.26520481891492,12.534878723087907,0.0021469240736426733,447.3794361205865,178.20913585569258,0
2099.1692018076023,674922.696124099,1044.0765380053876,34.49190103528457,300.2677127509891,0.14996832515621175,159.20409492975458,20.170753300290404,1
190.75688182273697,49555.63832295645,1.3880631549444402,193.13095848324122,12.644998693753749,0.009041655003571429,565.0739427657228,131.51899974856593,0
2439.7665763879363,519476.80751873675,1228.788387647226,53.16612671615095,494.5471948114594,0.1849979425867755,277.05786717309377,13.374868744743774,1
257.8753879010567,47407.90740684917,28.63150738704139,218.18511174609225,13.79315272649317,0.0015751795743127323,453.1677626685841,127.42454030763925,0
265.47753424302635,48469.741237937866,13.389309041928598,169.77441179808818,14.600768179471302,0.0010524601263190055,593.9905865845657,137.53620813529477,0
80.28698475497642,41802.46071229156,15.987450606801762,139.63398634532632,16.574836435758943,0.007657142976726353,497.4360670116828,173.97680867934736,0
2201.723400738642,809380.0119250657,1146.2648821842572,44.779945067433225,139.76447330588354,0.11781533469684721,412.6016016408298,9.871753344697174,1
190.79121267423892,26166.112970426384,10.795442437507003,189.88410259321682,8.702643978119706,0.009434910526097087,443.4811971769114,110.75873646501606,0
180.91310530008354,57958.38655219774,19.641752533340444,162.06840905423064,13.608167798494508,0.0,504.2767565307959,165.598879442517,0
2289.8094376082245,563148.0053644634,827.1058926405994,0.0,338.8227392739175,0.08704507466158028,221.4817182768613,1.0,1
122.81873987389592,72774.30448556098,22.65528649116472,119.98318391117965,24.874455426786792,0.0036476596887767007,576.234255943145,81.66449300062928,0
1823.1938878122378,814982.338143183,211.22246626350375,46.38413179766823,318.7174400615213,0.12792638083736085,259.7965565793735,8.94322974796822,1
1776.2433361427256,590139.8688940207,648.8577081637266,39.61805885818809,363.24177221309037,0.13977403694662843,173.95574742687788,14.168597957599415,1
163.92209832285764,51094.85359447088,26.91062565866877,180.70147606692234,12.609175377419227,0.013734403532155694,519.4104108048832,150.0279992671231,0
2206.3976950738293,852551.1551677202,757.6436732731726,45.266877087070725,302.52978865661174,0.15156875530783034,143.57364058340033,10.088544809240036,1
2170.2361001473073,899782.6616127393,942.6646664809933,42.77249864817391,229.92654195173714,0.19631029315453352,156.35450883624233,18.623546778649118,1
2104.9553746122915,587820.1523083955,762.8281262351614,0.0,54.029115161231715,0.16222327831925396,139.01242042572392,7.124396658906699,1
2422.7727124995176,766925.2388552965,779.320920965236,93.01351863517334,382.0133657511277,0.25111964093735395,341.53193376153615,1.0,1
129.78654509546254,48781.94775946666,19.765770407991848,200.23540258141438,17.679964024626123,0.0,675.8054695313463,130.55573912046194,0
238.36586202306134,39827.75658898359,24.128913952224007,198.88038273512296,16.08480911807262,0.007864125421167595,421.9545875491335,118.6876676088001,0
219.64137341299596,60778.43355745182,44.9392700572799,187.85578420040753,13.44126045547724,0.0073768547441900485,469.69438146343117,147.39752022808077,0
2412.8052390717685,405479.99650122377,540.3136061806949,116.65976867553582,225.91562935711488,0.21231823547380996,133.70872600783878,5.968284602525703,1
2074.406848973901,675382.9505009609,922.0035151973029,92.73140489663973,203.87155873880556,0.101415116757187,253.37857129519526,6.138354476882538,1
2119.2158859467672,1086902.6982430296,1033.4274735223125,47.1340367298908,306.8654544462308,0.1235244283788984,153.20577518132063,12.217810968033678,1
216.65351863091274,57517.96465835456,16.603949743934315,203.54942491524585,7.562644033096207,0.00624604933079769,503.36102869115774,102.75363020777888,0
231.27951969836684,53636.981503429626,27.62149241958686,152.52249513336616,17.61497664123664,0.030518127559389575,425.98258957057726,68.50436747537617,0
2408.2087895025334,583814.9999953972,650.4526411543343,5.145678572698799,271.4594261254738,0.14637382041061295,244.7502269747189,8.668729252519366,1
174.38786354642315,38158.71668101728,9.816844676387417,153.8881482461682,9.56248940119275,0.024399431391006615,387.7376811411685,91.92517985796124,0
222.751186017376,47857.25057445535,1.040148008539358,211.80972048295035,21.623684828136255,0.0,382.049258791489,63.75404096737395,0
225.56109072737672,52316.60444236518,20.862538362250056,136.98320973524727,19.67341031448165,0.01355693382113711,765.6809491469999,67.95662257576475,0
1869.539912779754,934802.3573721799,640.0352856967602,42.72127482405956,223.90865201924822,0.17601103659108625,251.88301877767856,14.14109699842813,1
205.39402221715164,61896.22005287643,35.045067185892265,193.0964438079016,11.654774379130888,0.006096356754003353,608.55361331812,117.41165620360891,0
325.87370187669603,58244.2706238498,33.530735775420595,214.1695944230733,14.396157116629965,0.009699765521915286,549.2591551644872,97.10096803461693,0
2303.341693417761,858842.0494368651,635.1450519298295,0.0,258.2858401384742,0.11137372061106998,388.30304611698506,13.349640381049333,1
139.20545379479347,19523.67434647246,27.48813885982477,177.89551627778445,12.983523435396874,0.0,452.2041087432434,85.07748894758994,0
2414.280352755852,827019.4165708717,671.7465912000305,46.78150730977876,224.3667579306362,0.0933376607157462,222.29124181665486,16.236724385595018,1
239.54008605894944,39364.40270565283,8.382666410656533,151.43475631199794,24.543951792284833,0.018193409201744407,438.3782754024433,96.92468134094794,0
1815.5561689681151,821958.8253596837,755.2923516891044,29.126588311856093,415.3806130248567,0.13657539871054025,301.3407057517602,19.339480391120354,1
1512.0910128494186,747960.5292712699,695.8666070781608,62.72884773687082,249.38467492514013,0.26510300367150386,304.61061660116917,7.0237120654560385,1
147.35507446480256,54987.19441069724,18.23786941038024,277.85271435641295,10.917281869016392,0.030975106140445678,427.353039547113,100.93226380142252,0
183.2938279649594,55131.99811077181,6.691227473865094,196.135049701069,16.51020577550162,0.0037862339195248885,524.0920712456153,81.99240012495952,0
197.0794378070659,52728.62518025773,23.305195285875953,223.4530366749213,13.678281513671648,0.025464338961560515,627.6973660750164,176.65094482395983,0
1071.612506691893,979903.5207922573,467.2944051932051,103.82766810226286,324.83385337657694,0.16388525282462107,322.2823667595145,11.900157035971468,1
1917.5905261536222,532887.1706942059,599.5592470845281,0.0,376.58174962615,0.15694096832028567,279.268034147698,11.71544087626065,1
2064.6683696228924,744542.446214597,702.7472569277191,27.97233029670632,474.855387712971,0.17488225390181006,207.3717990427609,7.013874162764816,1
218.31047988919687,50426.31024437747,25.57575842824816,177.14218387809578,12.23117423081919,0.01619117985013753,502.7688621076073,105.27651562853735,0
1527.2873689390342,512491.7589490056,765.8057421934129,32.491689803502496,160.934325152992,0.10070113697554059,208.53564435107563,3.5641781313766687,1
110.81944351429082,54850.93868497113,23.404404435015454,218.74962127694232,17.545587845254843,0.0036744396365270254,406.59132625824043,138.76143546984358,0
1663.3361475585616,808771.9134587449,628.0688374391957,31.817852303176338,316.94825768329633,0.1706191146010244,340.4859457718993,2.8347700636807964,1
1697.9881849820663,727025.542610335,796.4856478936666,45.67567523572973,341.2423158198868,0.1510991365285992,196.5902714714195,10.966633198804809,1
132.2093014436723,69353.8118352911,18.18768965453299,196.8874664574976,15.263060379556903,0.014184493689849222,358.64867902423055,108.59876349797656,0
2221.3871605552586,710541.1925324844,658.9488996562097,83.44916106819637,197.20082923973717,0.1270247009259389,200.00497636882912,8.436972344100402,1
229.03885476648983,62284.208122801516,31.40812789361381,165.17547785840551,19.54130704633662,0.02723893828123862,313.5626802244615,182.92716115493192,0
1671.2772400341591,841208.5472674731,843.2700645958756,107.90283600480257,197.22947963034522,0.1761111970954188,200.69149644927188,11.10827546454696,1
144.37942640082912,35428.620870804436,25.08659543018099,192.78216026893446,15.349792947056873,0.026453326681979625,518.0863424654832,106.93991212437896,0
207.43135476514155,43009.78146896073,21.860528436521886,127.76070508849571,12.177464171931565,0.008924998455692746,452.96369863594055,181.65640152336405,0
212.12483956356107,47905.91172960392,13.169081984148253,229.2791761306009,20.467672941081336,0.006841658316801757,485.07669148200114,172.3624379311761,0
201.80299633988977,55792.81971320933,25.250959739725975,211.48337768392818,27.641782376044752,0.011969793045926004,364.38138140691706,119.65002412973627,0
196.60098720077974,50720.17641917052,19.466971310088457,204.28213739082207,16.535541812912108,0.022521054245085916,445.95415239712435,66.77070252556938,0
83.31919400758477,47476.25875015517,16.355715819357584,190.25835643434132,18.701115318028435,0.010729248917171329,459.489482826941,195.34082521376178,0
269.08537966888986,49663.96560043858,23.519307708186574,90.3718295600822,14.899527258121015,0.005766804510034809,663.2699585466511,39.25234373133503,0
2072.139098702147,561152.3809175282,626.1825281045174,43.715320161131665,266.82151444000203,0.16334153016448696,108.14761417223275,8.855819117477754,1
299.8648265373997,62128.83691723156,15.529274081321354,195.37335837253633,20.729951541562798,0.006342432809524694,715.0219214422729,171.350479927948,0
1679.1618707749576,788545.3250852425,835.6615206317099,41.892737738048744,327.756044955483,0.22961112504694697,247.89367438975813,10.744713956897023,1
2338.8645972278014,1073747.7374325232,486.7626458159046,61.63638370679711,189.82201134251807,0.20532134029842586,155.78885358539605,8.952158184633317,1
2025.6852287845234,737365.854033345,790.3975296496543,65.57553743558366,181.9514177074767,0.10556096844537133,252.06055189403423,13.681847643823431,1
1570.7722691750741,975771.3021072544,587.6427820125735,35.354358138908744,280.05699866803616,0.05930988264585654,198.2738066707784,17.288407747455746,1
241.79039481571687,39355.27253873828,32.67623560803905,195.74899997257592,16.34592894413829,0.0299274280083532,499.29534594645156,96.94499009798241,0
1963.3273619813865,732357.3109964851,572.0445486395785,24.15196636460564,256.5383805019735,0.166903949535829,356.1652696037688,15.916899423514428,1
183.42559139513727,61695.38147293884,13.791786143194113,157.3524290056,20.272668482710408,0.009918241930766772,637.4471215990416,22.90767020819375,0
203.09582418399796,52769.58675219365,33.100396928669504,155.14422025811527,14.700728011520743,0.018757409637609485,482.0142755706722,125.20203008774558,0
2230.589655932351,727590.2034139126,1028.8372566946275,51.052085405041716,363.11891940816844,0.18217786825004897,68.50137513504873,16.63109881128839,1
1294.619757740436,939826.1565861325,731.219881844151,42.88922459177093,329.5350396621054,0.12928144240343942,293.56801149456237,1.0,1
1643.8782736450812,911845.8805550988,914.5217124346482,22.01825078932913,100.55748582498032,0.08159627561225699,238.95443528746716,14.733861587503714,1
2092.4896837178085,741226.5064628688,1068.0113229492595,36.77099324770094,200.8925713975343,0.08785369882958807,224.625349613016,11.54688807248737,1
2144.418854079874,802681.7648762603,1121.0820085972618,54.90928542134262,297.9844744972168,0.18217015213396653,165.94425667437807,8.36023956346014,1
66.35827834485312,45219.16942246175,5.472424532378529,120.23550657124886,24.590821973143846,0.0,513.1957301329239,103.19380348997925,0
210.93442983645065,50679.86626051089,46.0362629875041,120.90768982730671,19.340883898633344,0.009402538210395564,546.6676798080765,150.69796834977728,0
1743.7380365990266,635020.8329270128,952.4393205873612,25.323569406095103,347.657458426625,0.20433538110327468,119.82134911862062,11.122239855235058,1
2197.292069833108,532020.8062422732,737.7352697033388,129.56875063960828,465.4524037645827,0.15402378066947836,267.9351437051969,10.207323123924144,1
188.15748677451577,46463.852583863554,33.99136381696087,205.09975586687378,17.546239922065425,0.0,391.4820629889422,152.45661526718874,0
1890.643912500013,969954.6228082465,694.2955487190318,122.90909308199842,190.03997121200922,0.15007399955934236,235.10859569649057,8.934517525629591,1
211.7724184154965,53015.52306812904,22.219827776762713,150.89705272714423,10.346982226552438,0.0035298337804854007,466.5347142318395,80.12916992779378,0
2713.393948074744,860022.9445830062,1005.1116711435401,90.14538710138956,297.9998512653287,0.15881429085955462,44.25247501874597,11.13594814070431,1
1373.1774201270475,662894.2861139935,979.041165777248,37.581783956699084,394.82793742187016,0.186625468755423,224.31920058078714,1.0,1
2452.1911371150286,696170.392022006,977.6908861940844,24.732997615918382,439.12328363987353,0.08071235105297236,303.4664660645957,17.40894037720612,1
2320.0274611786854,1065413.4359021904,958.7464659459555,42.84547753644718,418.5802042849326,0.02934939363938603,204.64905393070975,9.999414754371568,1
2411.7718304255513,886651.3443300489,968.149073384794,63.23529227243386,168.3523196238159,0.10414255610842854,252.5891860966907,6.936822934460865,1
2261.290369841129,900291.4924223687,685.6649869429672,58.58710593692489,317.14891734295276,0.16857802108469144,156.34399024407057,9.695769753139794,1
173.30498808132228,32347.79684697151,25.543300046323907,267.95391413929326,10.587095333249618,0.019006470828554396,679.609464565237,125.33408566385262,0
217.23024523751786,54340.09823450107,16.93797921028452,152.5757203056695,18.164195661758043,0.008768197042410948,621.5829359747088,107.62737591781955,0
2318.1957032818145,723740.5418949791,545.5194284163916,77.35612186530768,255.20434647496427,0.13079973578275964,250.1342305961557,5.753314189242054,1
222.96928858583058,42704.22805864354,14.837024031384914,152.38681683288897,17.85100451956046,0.009899831048837007,457.9879941639829,134.023515474527,0
1935.4403701613783,846179.875209647,549.7841519862094,66.27238223572455,50.0,0.12853260873635353,278.79880216888523,9.110671132185098,1
121.71204639097428,44834.89257839167,12.447805805829795,137.88867747553348,20.51233257184029,0.0,650.676859211856,184.55003392956,0
307.0823800435231,44504.47378869917,4.778007248085716,209.07491454785693,8.421682223627837,0.013466807487437091,466.1544253758085,123.17615260782874,0
104.59347933873666,47615.63649019697,27.84954288687918,73.99105810807296,15.881463105482297,0.009191135463048682,452.8421040350818,41.3243099648781,0
2183.783406386775,618412.225229022,714.8242532734207,57.21129006660351,307.34951481434587,0.2046111620284029,138.78347013851436,5.3544236880848075,1
289.87972612171575,42478.39131932479,28.356149278862446,144.2497464682211,23.571573399921583,0.006931316874397017,559.9174156779989,103.33319285295734,0
2381.805938641134,758895.1605761423,713.3867588146046,0.0,398.10199268597205,0.17345153307780872,78.27745807368755,12.872215234316755,1
3250.4691771169955,784907.9356002308,987.1132051312254,37.29595687344596,332.53235923021117,0.12465759725823371,115.67241620898109,12.042141563295273,1
223.65435990137377,48236.3404951067,36.054833827939646,210.1284825931146,19.216724459624892,0.026091649688275827,339.669103313582,161.0462512308885,0
1991.7040578137592,1013185.6648882299,969.7419347880586,32.94475866475075,351.60685376747017,0.13472601283811975,197.45652158598273,2.332540259407347,1
2137.2767207018546,747846.9747266781,491.1850468041652,44.11495499248938,419.21771715204034,0.1694399333440617,180.79759206246078,13.533186429725198,1
2268.0442779488403,414795.62790409016,707.0911275997549,39.05178608801069,435.71960642519787,0.17028011317311373,276.6856822561525,11.694576790387815,1
2173.130761917375,697817.3564611728,635.4331084952568,12.477212460225623,434.9421696851955,0.13779399407583556,181.53928412993884,13.84742201773333,1
1965.082342048201,570098.8314729328,829.9884392440503,46.290581054630366,334.3190755791358,0.09497361692532676,249.19164929983975,10.42195253919338,1
205.51978628061093,54585.59136212169,28.743424284463874,154.0350751344697,18.91259090336199,0.018680678984458444,572.4475450165213,103.23721171416969,0
280.8104840825604,63638.503249326895,30.195109176646294,229.48202167369874,6.590971216861602,0.00014621995930119182,360.6717494644603,88.76072195393718,0
162.3236209821311,67099.43954012071,25.312232285925816,194.44791536215985,5.31999435457935,0.016281492777578135,552.5320968053052,37.31944684793251,0
1182.5367655307484,543468.1765517466,722.3823329797963,79.00276496349453,354.5690343121013,0.21264292845789567,207.47601516350022,19.252084340290565,1
1758.010671252213,1115838.2055262255,919.4098113124039,48.241929091697465,245.54131794069374,0.1608567875929645,254.8351441409355,9.259776656236749,1
240.83879336003955,57248.546715562,15.335834939925654,236.33795376985424,18.353071552532104,0.015799338417292842,442.0094172688073,90.49287288862013,0
271.81508782816456,50626.98303236714,18.38278996958753,212.364699535424,14.960445049376368,0.007631024408867063,554.2054650548697,98.75431166569643,0
279.4138053574631,57718.742923698286,29.75989949815841,211.87774760112862,15.10154003280203,0.014662251226514787,633.7367642902414,117.35952567019069,0
171.45281692391026,44182.78650797754,3.809281798818354,177.35229469244956,15.233134213970091,0.030703986089106225,513.3934743758657,198.81959861935908,0
195.07572577452882,45609.46089895062,12.982330537332174,176.57570809035408,7.663790032566167,0.0,414.90567761884296,202.1600115388737,0
2482.8291550401923,780873.7311427764,755.342585118345,1.2292218046159107,584.882512731232,0.17019938616367028,163.93653484907787,11.597674873712444,1
2169.4023063711375,1017260.310895342,822.9585060473122,93.49435491112867,280.7982240659418,0.2538016716981796,260.01478921717,9.227398586561456,1
2045.5844315348984,715535.3440281202,672.8171557217386,53.99068761582991,419.07918238466283,0.14423330589672043,274.2860893250476,11.94925869767778,1
179.65281256137206,49676.62881304784,19.610707995151593,167.40253436971417,14.069144686679408,0.011468751731218186,391.4721940338065,117.64348882010772,0
186.68062549955224,42753.88948482276,12.99915970354111,208.56454994213203,19.008979549502236,0.014771195378794705,484.5753172603906,131.74637164606835,0
2010.7568246900744,667832.6625199339,910.4849163493826,24.267116866147475,240.449068088513,0.1533220402356999,296.9272703035341,12.777204339547051,1
181.41416517071525,41287.83927974186,37.76719847117621,196.28519212833103,16.687465694094197,0.009845292371631979,458.6384147649293,123.23912317399957,0
212.2052194489176,43396.998839780106,32.082628254805,192.45637389802704,14.486430266625508,0.009449720336097039,614.9203137670543,171.54522726703368,0
2075.8904716794545,1063351.0895348475,731.1065645850367,10.699371152631386,340.911019913004,0.13982029937278867,137.85183127197186,14.488581943782984,1
167.3541927667644,58421.26959137633,13.183854474695663,139.02950662564547,24.073376744644847,0.0,355.55206588471094,108.1962137639085,0
1596.6013498773439,558495.0809088377,455.05150141335525,23.08470675782753,282.68337976675593,0.13647410343068114,328.23239142738396,20.86214182262277,1
2264.8828556881203,811352.8805548954,1004.7173293250014,89.31106698719174,355.45040841441073,0.14813517735217427,157.98373987237545,12.046067046100802,1
1716.7858868166027,814608.3912755265,1189.992459741231,76.76925463188634,455.26799312371685,0.13593873839140064,106.96011410332596,20.75879487590018,1
2305.1464803094223,778193.660315876,545.7706451286882,39.849755298458724,155.6228110601196,0.07520075146138819,281.00353995096356,19.966164847523384,1
1348.1029814843655,815068.8906249342,1065.544078636186,58.53229054947912,229.4214414289279,0.1248617914969478,310.77298863943025,5.642431651825598,1
2417.9885195786806,699411.1022131495,425.90857018754235,73.18050554096394,154.64875214755043,0.08735299414479834,102.15028801176537,8.934533074584685,1
286.36751070820924,44337.05084418994,28.57210353556612,205.6926858600198,10.611219672357116,0.02570543600719015,593.6113124929707,64.46462796040572,0
2964.133795513363,1132721.2092068188,706.5087079015858,82.38706354700726,92.65336433413083,0.2495958427001003,331.6948807290057,13.167761963851621,1
1613.8997925073854,839217.898262068,739.8336757344317,35.079298088736934,246.08656417499276,0.1306015963821127,187.5986637670794,8.467128886497061,1
1320.2093812854223,603046.3007368625,369.006955899979,31.43242557424895,442.5405922312479,0.11128057321586204,269.53546692511037,10.733869763814264,1
1213.413411642181,1031194.4974121043,1079.5715957155073,65.80769055612508,177.1803574456962,0.10505667877685357,48.50394047047706,15.907006512593696,1
230.8067334001119,42059.564583011466,10.215591199585655,213.84500983622422,13.978652560963505,0.017673386977205732,677.631929804058,149.95837992794247,0
185.1714523232646,52102.912910861465,20.675554840808246,170.23565125911594,17.92743116123041,0.029484265541011467,486.6868128263069,169.44575890915738,0
1761.061994428007,676948.9515885357,848.7305450028326,0.0,459.36823294741407,0.13474679710225282,240.32748052677192,6.123826468329577,1
303.84902645268767,46143.700184768386,22.433989164005393,158.33598794264316,22.391645502201147,0.013316965787145939,493.4101962191115,98.9877198548634,0
171.12305563221747,54424.54604969711,26.87692185117782,100.43329714810908,18.657471549024336,0.006943221386984928,597.016147340598,75.27388687572014,0
208.62939588610598,53645.34489033263,23.812713900809754,142.54714899818828,11.89900772723042,0.012442782822759086,427.4135957506775,136.7608241543192,0
1512.3470328609567,682629.2711217363,841.7357048730863,77.98214325423879,433.10439667883344,0.1371544411234712,200.65096112862548,11.942631526230825,1
150.1074008377987,65929.12089122809,19.275876611694564,206.1579128369176,14.747214820726805,0.005115883439344635,638.3962566168559,100.97950006448859,0
157.9921761518736,55705.370361384856,22.764143642537544,233.45517831507297,9.910056381161594,0.015438072479179062,504.1366163680873,75.62963776381959,0
267.95937876202186,34371.1565466015,1.9952130826581929,216.4491202076259,8.424726954812103,0.007356343064865995,583.0397749107542,102.33687458608016,0
172.11355562523926,56294.040061022,22.77344179720215,143.86069851104637,13.24140419239172,0.00625518110514182,902.5824042727264,127.99298786606356,0
235.0976813110635,53779.70997994699,31.003706806972232,204.07582594425764,22.06303950318116,0.029143254086037816,495.51711156697934,126.64379445040841,0
192.95060512777906,49550.04792356994,14.52995279155005,203.17079247595245,12.520873730939861,0.004274333483787613,632.777289551422,140.37059971699622,0
2213.7951819310333,947898.3995087782,845.116361341273,90.92848861106768,342.54149846118924,0.14820486242016617,167.95863213227054,13.003245428142662,1
232.52963939123504,65518.80120122489,18.702637968114967,126.15754688620049,17.017940351405514,0.01757423818050381,471.03354501745696,116.44905282489789,0
120.52162533455156,48973.37908959367,12.165989461033796,153.91701722388822,17.48568120193047,0.007237516147860053,437.86032282759663,104.72795342491287,0
2718.7118095165706,652258.4726227233,1018.9816729169663,0.0,276.55022562877923,0.10565651840808833,181.707169346135,15.262805436280058,1
2493.224109929109,812327.6528101634,891.504908656179,82.33264338670226,350.06882514832193,0.2024875899638317,104.55681934036534,9.530773723004017,1
231.8766905448848,53093.91570156945,6.9806542983649535,210.21007103904404,15.059647665982833,0.011646876198197185,434.6807093770847,119.0821852149125,0
2026.2400593370376,845990.0764678734,780.4347135927804,44.38877680153458,293.6689747155541,0.08485805434562219,335.7311742513788,14.270783326831896,1
144.6477158978256,31287.81883939013,3.918141887884584,120.9142813955029,17.143738937267727,0.0054427498915948945,365.7645662533799,114.34115625520461,0
2558.8041540178397,801282.4990053205,672.4038507937486,7.224101365061358,387.8229338216446,0.08951989638426378,310.4629363546862,11.070603393340626,1
2794.505872195811,553679.7125550569,746.1719101523965,69.75041857556656,446.89938162322835,0.17478069176096223,110.81675426383006,3.678829060011804,1
184.47580119020282,55786.61633815167,30.915836193774723,229.17299725261654,10.307277263453834,0.010776405765271696,619.1671435624637,150.57144769480055,0
258.562354673366,47658.744627170876,2.6538850306280466,135.93512681702953,13.35965188287201,0.01102689770954466,543.118312603923,135.49104225058184,0
1770.8114137842504,1082431.0514698667,487.71955541748736,96.55911935230955,446.6072284876239,0.09547265960768259,94.8158669554252,20.111196092006736,1
207.7714663834233,37136.066649163025,16.004510584115714,196.69483212127318,4.404480298913336,0.014288032178339101,459.97671900941435,110.38004166070422,0
1895.8353145710357,737292.3703914545,837.2957435449493,47.43150683256587,540.5109467323973,0.09584184735321519,216.20467165691826,14.374771281571237,1
1422.6946449306708,699390.3640973894,801.901946752624,55.38959455121577,463.77474592047724,0.15629886082539182,281.27201622243314,7.962832144954455,1
218.17271689195366,64623.552634733605,42.99664069614839,148.57291886929988,19.962383067915265,0.014896261438724023,534.6688156025614,96.11992965915809,0
2230.4069657937857,652871.2914444471,544.8472090499066,25.162400369536954,479.4713691414588,0.17652032296082215,84.76466429902737,1.0,1
2205.06261294551,810397.3626411689,954.1464134905843,42.60656780245693,139.4821852790945,0.1764588903711593,348.2551332934544,14.553848256460398,1
2279.0752156056333,814740.0590165734,1180.692059964229,59.269716745246726,299.10421036029146,0.10062119386856155,297.4656442291117,11.772097026648542,1
2335.06634675119,887012.6251352815,455.4682262188197,69.99634679513017,188.18189046303524,0.3100121490258532,295.0009499322789,17.475390118914873,1
206.55135580967098,40560.464752779975,0.0,150.63706127425888,17.832043386987376,0.027230898947725096,658.460018980353,97.25120563506579,0
1609.45064392592,738381.423139919,800.5381652829387,88.3247678944245,277.4157889326869,0.16789966285449903,292.9663790392611,7.016968366423404,1
220.55859590079817,52466.83149610744,10.568400756306104,182.81984916084656,14.893267904647201,0.004256558915227812,425.9233396235458,143.91163538118337,0
2553.2458164276954,524060.6761120687,920.0179110525204,25.69653210374481,104.06081957440495,0.28731853160123355,176.19039705369835,7.063605508520724,1
1678.7194705563052,790779.888321757,346.2269849245339,49.23807790246746,320.60595151861,0.17795792398354146,236.1606237693506,8.374384248038364,1
2093.15271140649,1081151.9554820214,859.8931047707996,32.062337831714274,249.93079761506095,0.1997578676682733,97.88231587442768,7.473244973014465,1
248.4498935137929,38770.429508928704,21.858345775189157,180.26938136406488,15.220949597780196,0.022724221602840492,600.2996900450725,249.3397465299405,0
2232.7459737816844,764977.4483191007,817.070443523669,0.0,338.44843333301174,0.17619559843748323,180.27049014366293,5.951014987513395,1
2063.6262732106725,814549.4265707348,1058.5244820678688,98.54152523158514,136.74748636835838,0.06600036163062013,331.5022742249197,8.197910713286962,1
237.50609060684724,53087.99276848166,24.481421446267063,176.15146068287203,13.43028772626074,0.0003094752381020277,384.0896906632398,118.8284876347745,0
213.10179060371905,37046.58815533965,19.692561677394703,182.94626379968778,14.671846590567068,0.02487490577922495,475.8362382837629,117.17863132619335,0
131.1806250461026,43859.15224655632,40.32337024710338,117.73136191455666,17.841556544829395,0.016029360212579245,533.173898505554,124.05252774885304,0
2844.611732524041,833053.074921044,762.0823874771805,33.22642044170662,78.53037447152477,0.16135860852877404,234.81193519082169,1.619879579645536,1
2056.6515095247614,713717.5838523722,336.9440646220522,65.26935903656918,252.83763300052146,0.11654819500783915,210.6415196546936,8.792214275246959,1
200.15542750928185,62577.789508694426,20.403364055546906,143.74104202106474,23.536810068357767,0.011659553149020513,485.6459553337983,105.2167829267828,0
186.84632877718235,34474.92526699946,18.132418651956474,168.32905123387684,11.539569216858153,0.01147958465424792,724.556942533919,58.31271577894513,0
2030.418847021883,823373.7604460311,1049.6777151996143,115.39667924845895,170.6441300185305,0.1853313991918767,223.58714889722802,20.771588701036386,1
173.6041181337843,40765.202200666965,7.207460278247336,192.5294610949887,14.1253505899808,0.005403849139260743,483.64225979776825,147.82209685176838,0
184.01643918213495,53019.70742519271,11.724157592653386,208.76372184353346,6.189998814981937,0.029893595585816113,489.8786441984082,140.19253721616334,0
212.76067084279373,51046.90029888126,29.7666536997813,134.54788548429877,7.180926543390377,0.01029750744658862,473.2392991980874,128.1409193110605,0
2248.9970492959637,807940.1111080312,556.63937475298,81.93110487258268,240.56427216325153,0.14131790674136488,197.57995292177,2.7685838131894824,1
2664.485537428924,822049.9112693878,1055.63098547254,7.601792463064868,341.02225236084854,0.19482443118369422,196.45267051733663,7.8879530696250715,1
2225.4128842789655,968618.6727431171,870.3251998046699,46.22429171898279,223.04650201593,0.15923527475038526,400.31408038817796,10.83108197269067,1
172.82522460336827,69029.07462274168,20.411800203491776,211.03009201799637,24.01965241626434,0.019737402934313322,458.99503826361615,127.58203383656661,0
149.24660471355918,32236.017036577054,24.184990745503846,183.55742163557142,17.80264137636422,0.002016652212611731,497.7726721365534,76.6939310350897,0
1317.211998086219,764733.6277387778,753.3783340043169,70.74776052821844,207.0524977937481,0.10031836440074926,186.1312410314291,1.5794424550799686,1
2306.2967509746372,872906.7602401732,764.7424080691007,60.40355409761534,94.42910712225157,0.12695628587101346,118.06292358315591,17.85377306031051,1
1589.479779961697,1002867.5565638526,811.4851549559371,8.642070296161215,184.90100912630288,0.20313345697998492,290.59797344349056,12.961162660885618,1
2227.7476346968374,691486.9592496115,929.6857861628089,97.97723477233612,319.4438070053533,0.026189420013930903,187.55255260114285,1.0,1
161.8838270986174,54922.96911938037,31.060062915027864,178.30781097309605,22.1953754174311,0.005747148028018906,515.2415461558755,172.27404894689386,0
274.07277738294863,43651.86836028543,13.059566761423582,147.83400153700165,11.506837926687732,0.006535637478149001,354.18694383611347,130.94509098138445,0
129.1578953701563,56030.068534266764,10.349872752204897,160.91516391927675,21.55214750415759,0.029692258168221623,480.4514806576731,199.25053818887696,0
1242.2215408331444,991513.2222369498,848.9621326242805,74.12289176496346,408.17836671641237,0.14731609473814902,214.14275098766598,14.653893721623314,1
1756.6943913824643,635073.9520027256,766.7276050296249,58.48339232865149,257.43902564725744,0.06478655639833507,339.5501114740558,11.543543910255124,1
286.6155802704972,51323.46506402673,18.86646002160193,120.1335809310848,18.043948857646285,0.0,422.690650484492,98.66332168333994,0
2027.9421960448606,702105.9009398223,722.8865596049501,33.497926720584765,327.1746032934265,0.16323780555344553,215.16298144954925,16.23490624019341,1
1731.5475713157966,926317.4219247901,789.393511117607,0.0,331.24429420780666,0.2071105774770824,250.79998690047648,3.432209109076755,1
2221.61448788581,681297.1899386871,816.9100432828897,36.376215084864995,155.07376152186234,0.14890121842098802,89.79006097530315,6.775783461711358,1
146.39334892865705,40165.8402134097,22.592876415349078,274.23284726392603,16.89679459833556,0.014156659699331173,476.5068133712045,128.28551666628326,0
127.59363702924762,45486.155490356046,30.280535653991834,222.46075081655027,18.751005624731597,0.0029480879107067395,622.9227580626182,132.90705746147876,0
267.9610300147806,46933.027121740626,26.886117009788876,156.40474673784777,13.281994527998103,0.030710825992166152,546.085084629967,114.42970751238012,0
2114.8214059890943,942027.9880272722,634.2879929719091,44.74624585793834,147.04617811902295,0.1840863113448335,308.4834905187974,5.06971962611871,1
2211.956219839966,918150.3964421443,408.94433378590094,41.404728338654266,445.353813125735,0.20385477816832104,373.787748197089,8.966166662344186,1
116.26585276478215,37081.177317683105,15.663725148458123,172.88169777017254,14.612805661838989,0.0,287.63625409570693,107.7803644936041,0
1599.9183200056898,843817.8890669225,196.44190915687898,39.8121153265652,386.451919967393,0.18167685375322912,112.98902391334893,6.097278148043511,1
1463.5773048168862,705182.7060590456,808.7154659661223,0.546666567160905,366.60681903110566,0.05716175803741255,259.22194459932405,7.615110124061607,1
2267.901638684767,862694.6413774246,999.4603496618072,74.0625762265594,343.0275368430716,0.14843498341241013,181.20612432944017,13.759757853521634,1
212.1876240200824,62352.47388310272,15.01062450038054,244.5645569209795,20.660256836053392,0.022274512968086555,540.325137059888,109.41078324425581,0
171.42753904016314,50676.71258062709,27.788297171210314,182.99708314264905,30.89932244411757,0.02045830591760698,420.48946975202546,99.42936674947097,0
1879.558561945784,698356.7426915048,546.508151632297,61.08725421176741,245.49081556342196,0.04166324784381917,230.07732862601048,12.840353316351074,1
249.47919672974265,46848.25610114776,30.393690449185534,188.85501015904913,11.461010684156415,0.000800198889263035,543.43925265848,176.14427911600401,0
2656.362602197726,640785.515091585,530.6777254276279,33.71327420446867,347.53625836642027,0.04762622536428432,92.75270015879335,10.490976684014024,1
1638.3498773761025,707732.9736611997,714.8539858901765,57.816706175135835,177.39539021143963,0.15400996082348606,94.32983178009678,16.78081191943016,1
172.11143270052884,49098.075866226114,21.00169637993474,138.24352901642138,11.146603701639165,0.0017998879736049744,523.1937508628588,104.28124543530924,0
2160.1213625994756,793721.1193902433,1032.603816167736,19.741046522774855,138.2384651164185,0.12050456304350152,299.46732023788866,12.571700251031746,1
205.9173956694102,60845.86391463845,17.722344544186573,155.159529807705,20.684343167252816,0.024955440152017352,519.3709466135157,106.04669221885368,0
225.98302866732513,45653.00526276866,8.095162453116448,190.7343595207409,15.67712992622765,0.020315237749937015,531.4595002031144,193.02952347508375,0
170.67074574645497,44534.62206971622,31.379567694000485,142.41749032588964,21.40615281881286,0.0008768187544637863,571.1960171343404,222.9609450109349,0
752.2100304527958,697062.9547970825,923.0509040665911,71.08004554835236,339.02193605841387,0.10361806934167993,239.03056157222431,8.702941507621116,1
220.69451426863466,48950.41843999828,2.2363236115377916,208.12101836181645,20.394943200711893,0.0019550218045758863,441.29756089329504,67.9361059555763,0
74.91500779201728,43706.555156654955,15.938663545290144,197.1054487551898,18.003725814423788,0.009636538763330954,545.7064914176863,150.57489185371753,0
227.129723164598,42553.766435614365,29.785928636649643,149.3961549241033,22.230520549715692,0.017261290561155537,386.31785774865716,97.42513424697378,0
226.50323528007334,65777.68204931886,25.73362470172945,154.01585161620676,11.999973626444403,0.0,460.45562056860143,138.2671943912904,0
235.71982413153293,56877.61131599872,6.786359283547307,178.84233070740942,22.637660323786275,0.00858281904456168,388.4066141408628,134.66235214198758,0
252.45868107206746,56191.05018464853,19.292844082755373,180.40986736067592,15.37083088303011,0.0,425.7079232090964,86.89803954390837,0
1785.7330915071739,605954.1316040165,737.036789968505,77.06200457127434,306.7004341800481,0.26105133982375595,275.3361793706433,9.456001690373126,1
1731.6001544094559,826546.6646128218,938.2613860185519,18.82808175203314,264.7764881005341,0.17059196369529603,218.59191699313686,10.940653335941528,1
273.57459864965784,43774.59847334447,19.3668014028904,86.41007537170411,8.298958074844759,0.011034571648936974,373.8424937602201,113.55838876815653,0
1346.0665201489733,852816.810007275,658.2874569165463,41.33093891249884,410.7145007654009,0.07734517844651152,316.31300030299667,2.0038161160874797,1
2182.551274151781,914496.376325374,869.7953113338119,67.32731955252979,274.0611485531259,0.1437934565042976,20.0,9.047279130329583,1
2211.766257291101,435297.7163134082,383.28856907879185,66.4967757968608,286.4462873251722,0.13168849917739828,174.29301158823458,8.293142401207458,1
1915.5026881554882,779709.4915150624,505.11437439958644,0.0,364.7983063694059,0.17581837201275874,301.9821553371995,11.136749900288883,1
150.5230939984068,54277.96398247133,24.077283696180388,149.6955310183101,12.391898313209202,0.013553762106700964,566.706685052495,85.23296365077391,0
1983.058824737154,803997.7253001226,738.0424872402784,3.546554428270724,446.80465286160626,0.1895570319247118,270.97011243804536,13.18132445715838,1
237.52255979032287,54202.267094745854,22.811731656434795,124.41906591127497,14.928329977440445,0.018640436260742306,553.7529828193943,104.29049687081731,0
2247.941592130613,662832.8650117163,872.9458274585409,81.83049879676945,314.42941467180214,0.10449084674038,178.41591044219132,10.765339872758863,1
266.80930500060856,36531.974512204346,12.157414910848201,196.39742339922267,14.934442845016648,0.015856056418097814,755.1633273290123,122.36903577138216,0
1996.5206519964663,606904.6702279535,818.6731722619584,55.871183825681506,268.82739870448887,0.07554851267360978,283.08836876216805,20.607372756948724,1
230.438073611222,65163.68646725336,33.920709209742554,239.2181213572274,17.344348012709425,0.010302465648559538,480.4096425007024,142.14162019884378,0
156.8327367630309,58091.21310990244,27.501482632323338,154.84218580268902,11.8793947246853,0.021468517551500456,452.2098460226566,106.16193479333823,0
1696.8079949291805,687737.8487488425,981.3438859080366,46.74869468137557,410.0009435487436,0.16663610541159848,84.98073569937515,4.994287877645744,1
294.1087440102025,51931.81579813198,22.839060011754736,132.50707563750902,15.976410492448522,0.00020605833097230887,347.704123600553,187.09677440057067,0
250.63579089099142,50402.56502000463,21.187965399029018,136.2978291846635,16.79051806329608,0.0,544.521271024702,15.768456498910965,0
189.7419155566978,50294.235755849724,25.559120312994423,192.50850317099207,25.57814915031252,0.0,489.7764272037859,144.71883030215764,0
1858.2408223224566,672720.6628595109,873.4405843104978,47.60264767680494,342.09420239051997,0.104830906241479,187.5551055120642,12.763880743104373,1
2078.1232340182255,876141.9147549578,621.3421230783491,94.75294111420406,370.31597458613294,0.19603982387966373,181.6735350363241,12.834433061973336,1
221.39452203474588,47962.18138875452,20.753995431460623,173.0495044255136,14.07194532596475,0.024194634728149537,523.9658696558959,141.03260796619398,0
215.82471308366542,61250.43921708025,34.359781248017754,138.94406183539226,14.755782071329948,0.0,537.6404571487228,123.2370093300865,0
1693.6216239893233,754891.155172437,432.6532462357309,124.38210356464468,213.56067803439123,0.15524815244759307,208.36887176926683,21.079754696383475,1
2032.4326737646293,1254475.7583308213,804.811540612636,97.58166596289203,256.2784633138905,0.21127857613575682,172.18222120544192,13.38138213727545,1
306.4623556014149,48559.723399453236,34.470586960311024,183.43996260020862,4.3645122819206925,0.025511771328922607,489.05190903929326,139.97278273415154,0
2317.815887263742,791387.8917608748,1405.330318339013,52.94452563667644,227.54625659820042,0.11374293205779278,184.68075753166326,16.163595430265588,1
183.15840161797036,43507.37080389864,21.366022830127008,289.25154836638205,17.1923181238833,0.0019288647935867802,583.6756031220888,148.41236607866313,0
2372.8267235904445,677479.5101254457,598.0229127855612,115.67558233418261,487.3382640813455,0.19950771695553363,212.65763890294352,9.981946962561691,1
124.63371761134763,54803.342958813795,18.30125516420261,244.25444602522873,14.663286735954234,0.013376770187046949,448.5610980177954,120.2196163014542,0
243.52778047098633,57260.983614463345,9.26297587282199,213.94064421554015,20.633051743145963,0.004721908536401055,560.081054902977,107.66976354619696,0
1977.6523480486221,802518.2245612574,744.9268380668456,46.70242047770712,209.24633029800862,0.11006118907184892,194.52270931438687,9.911816749838623,1
1485.8017751465536,858775.6624895735,936.3171738078855,88.01637819732098,443.14626509552494,0.10311546303665615,218.56298655986552,1.0,1
222.4049681968102,49994.36902877041,30.603272047796942,215.50825027135653,15.153762742674521,0.009419614720942047,539.2026611059912,94.60214458153825,0
209.8895040970926,55321.293738814384,14.647444333694217,175.47838516514463,11.430024513826606,0.0,432.1322338104021,102.0375349902164,0
304.6584154465297,27395.852426621477,24.85198231477707,131.52361120074892,13.613308956031657,0.04101885803744863,436.9228294808777,165.07945009124484,0
1592.7092945595791,643371.6459695214,956.926242676679,29.7709431772017,331.6953993905833,0.10862700722182894,73.14473686523505,10.849219061639989,1
197.44014440917016,51706.250785397926,10.129448454631135,257.7904895060196,16.937479239072303,0.021548853107256828,393.1417927317631,53.290704176680606,0
119.98970754782613,25607.503614273846,1.0206448149850367,208.60023243974294,15.018526753987372,0.0238604432038608,591.9804340191993,146.9105107266649,0
181.58755216059848,46744.549884804685,9.426132553367207,203.64426057722227,17.096003041453027,0.007323729351039214,266.3258623642612,115.99521932253654,0
237.47169498638704,50785.98706115037,14.662040603407915,248.91319533476235,12.81486346194999,0.006852280500820084,447.512149185796,141.2553363388221,0
1898.8486122198465,1182906.358122523,839.6724528720417,55.45833285529818,317.17896151996206,0.1371141719306172,264.068274449429,9.954249778913823,1
1496.0213195789424,904638.957783238,1066.9049806183916,79.28218045916418,191.4021616688459,0.22397798228191318,273.6465406617298,16.260375106292948,1
1146.926788130861,593178.6900829659,831.7444501124976,60.82675589177229,527.9871575749577,0.02602887167181621,184.93923440010443,12.894772152897014,1
258.8705944488847,50679.13169169336,19.49371886943009,234.10375639026182,14.060025309583894,0.015666839069710864,597.0058590207603,66.18418946569238,0
2082.9355878451274,620253.7887375192,899.0547999170991,0.0,254.0152282353643,0.2148107840769431,345.2923529096758,9.303327574101303,1
201.92905614904586,58187.63950347442,25.539535059953238,141.20727746952699,22.18629540218038,0.01941381950490345,509.96722075468364,54.58691473803445,0
322.2565072529458,26187.326598780794,27.21225372799792,162.07749063431007,7.726862014819486,0.029646355198830875,631.1669976816834,170.01439298067993,0
182.09916559627854,61320.522884141785,18.837333546896343,141.41046227954632,16.935808895581815,0.024860388935151474,500.4505065509351,74.56815652440409,0
1951.1055594769628,758114.8631940472,727.0012626562578,28.96099327454321,314.77675624840646,0.1041943769837693,126.63894791532064,16.25404660889263,1
157.03537685583808,36219.90723152134,33.567631574639634,214.4703397681347,3.2125627050634193,0.00020621995810708033,352.0867445858238,107.87003882357945,0
1931.458141648747,779273.619138729,971.0945184910297,77.51512655694987,233.21168502124075,0.15457048865807416,60.24446918585062,11.595584563234054,1
256.4009428674651,60269.0574632062,21.855133065847436,184.00571649840305,18.20151183832868,0.021219110690741252,611.5402663096945,41.150904238225294,0
1876.3077104198062,949650.3670397038,984.9768387838816,76.10186464479402,223.57518560149515,0.1465413335276705,104.47978752559993,15.987848322309517,1
1888.8497171374938,902958.8388862316,445.85279420471153,57.2487692655215,354.98137803713223,0.14374002789422008,97.6544545529724,10.160187551559478,1
123.46423713716467,52344.311164820974,23.248847188245843,212.0471348912692,7.312785254366794,0.0044052925685109726,338.6410188040576,141.59539948996928,0
120.92028002730288,55511.91728701694,18.33224265998014,177.78186500768342,15.01074540213843,0.016414329847337164,575.7637829515743,118.80155806403513,0
1590.6754876936432,966474.6143360047,674.9308414456957,57.68131278194774,376.4300121531518,0.1959181068514878,213.77417727140553,11.623163312465433,1
1456.9226902744836,799351.2911985163,1022.600041209302,0.0,185.65156543515351,0.21728061432071288,361.59482150395934,15.843946741543526,1
3159.5202454238083,925819.0547551743,891.1100694809556,126.15516694952802,334.55030494903224,0.21334620328183374,222.85635573849572,9.773496034059788,1
272.75227881353555,40594.69784498784,28.007191216696555,220.4025478745971,25.1129470233245,0.019194127917400997,478.2490793369715,119.94475679086635,0
2211.0991967997616,813979.6369573823,371.74946235376245,97.1815032721097,341.92746634002594,0.17023832563246274,204.8750055896695,16.529364131051352,1
147.07319590107954,38531.67917832559,28.891273175270072,161.7953066384533,15.883938188815764,0.010347060671421224,464.6147979130149,92.59004426461252,0
2052.697544135039,820855.255984053,570.3060051249983,34.127698956097646,324.6603141982536,0.11422946620622007,304.4763235523433,13.010182499762546,1
179.45363845831315,46825.61445162318,19.13040024393979,142.18973792506495,6.4423031240838835,0.0,507.8925212683226,80.4411481447818,0
231.59907418806978,50173.34629151307,24.261239468194262,198.70459306270752,23.845416628850597,0.014035223474539223,378.66033255907985,148.74568941242734,0
1921.4284311975316,664462.2754264758,635.3439558335405,87.22137911052457,207.055258234789,0.05633478513463194,132.17279433778177,8.089268044972084,1
167.26061522853047,34852.45224206461,42.72991825979389,162.4214594661244,14.109482665901833,0.023261290700366845,568.6866961334856,77.39822520177762,0
142.3875579361616,63687.84631903563,13.743758935986039,224.37696756768227,17.87177141639618,0.021667831621902382,592.695041797062,184.9005655234567,0
131.13421722398164,60337.861679388996,34.61799167547305,185.8197218814124,10.792699234526761,0.01901078840237656,479.77599105529407,172.3792136186689,0
211.33930230545678,19362.20133687604,26.107421557961942,232.83640010679488,20.55281370146384,0.0,469.29279411474914,109.2758522790243,0
212.64424074849495,56587.97368366193,27.041481416397847,209.8567287853184,11.584621963954945,0.010499759747065955,514.8284606791586,154.5418203092467,0
138.77654841397498,39134.321404094095,34.10161995301936,181.70490092314824,16.378183911645387,0.010659745031060035,520.3213762294693,91.39436286068477,0
272.5589424510532,47391.71541595417,0.0,164.54216951094332,8.946132112374457,0.0040988954784256185,639.282184931697,97.0472318682818,0
1795.0399125592655,839468.4089870892,1048.1460650619051,52.93276643972912,321.17494015828163,0.09804773977854742,163.9469245261319,5.293341221835409,1
148.21731235870942,55622.72871914493,18.91766661677027,154.72737243668877,10.850908088962353,0.001985612202448037,489.51426122169664,129.8472112930174,0
175.0352200730424,45896.60026654891,34.35006177988935,195.8812640917592,18.044452582885157,0.0,365.72460507174895,114.81805448862688,0
1697.5561431489,544270.2298793714,667.0049025024094,38.50659158374823,382.807599254817,0.17572247297205296,267.4737230608191,13.606316625064762,1
195.13567007932554,49865.84213075191,15.356196078045516,160.3944660704248,24.568930200342116,0.015368174565978675,436.7608243150645,180.31677668939466,0
159.67005478463136,51701.769431919325,29.872473529834096,175.19659019725023,21.804507937385267,0.02683748122624984,437.06553894356034,179.29159197447171,0
233.27926181567145,58730.566000927436,16.675574656602297,210.18574468690434,23.853988608637813,0.002308697822561454,421.25956067006126,96.8776104050406,0
1658.3064556101858,763889.0688269449,729.6445267904165,104.76728428785486,432.4984353654193,0.1848107775915122,235.33638466542521,1.0,1
1265.1190612743267,709448.2739507472,942.9255779179109,51.11250833449552,347.3555396940235,0.2096861749488551,34.6688589716743,16.0071802549771,1
194.5132909184908,51730.07139652226,25.83786545292948,210.2847347469778,10.033364366376567,0.01696207461836084,610.5992275127961,85.49316222984677,0
1710.19992322203,1111702.2565449518,789.8648084867485,16.11430722704118,292.7525123865999,0.2635096638821126,171.12039425877788,9.29466236601074,1
266.44802952184943,47800.642047336645,25.767083615434018,188.77610679015623,14.539787306894855,0.031203702490425242,564.1303714757328,158.38184250579144,0
2627.9912784429007,686330.4940394986,673.6410654145816,1.2527804990429487,303.5502165473305,0.1265298634183071,172.55931047869754,4.374067288924289,1
208.82866792268555,53905.30596319517,35.37357551897802,177.44982940037406,12.996855401149944,0.010205085640163343,554.9190494233032,112.4916775443281,0
117.41204259103664,46992.35415153265,43.90222710651804,139.86730438553263,10.857229232831987,0.02214556855953944,459.299234568057,177.03181894309017,0
253.19257663671792,59885.31862851462,6.778040339125512,75.51216806722664,15.616547022212291,0.009522829818295697,479.5057733638365,130.4698437886879,0
1720.008926224309,849356.2681716388,618.8408126878041,46.7569973444033,296.1311732919711,0.07656987742389691,201.67948347074395,19.93301535845619,1
2143.5406145523875,698395.7246440711,804.221387777017,20.71961644257923,154.3417884992815,0.21160098517880196,260.80325148158005,15.65189746188525,1
183.2196315940677,73746.06550026432,20.786176695317877,212.7084642505165,14.789569741818067,0.018679799343482604,617.9362312693079,171.99913411510283,0
183.20303874799262,52945.92842558379,8.484064665920439,141.50109585275658,17.924138185298066,0.008964913515702739,664.1930175853697,126.90605139427022,0
274.9187220148366,51996.35017911514,10.946347873181677,152.7972338388636,11.480603294751011,0.0,361.5389051965687,96.41616896634171,0
1983.481073863775,973698.957886938,981.4015248659991,38.79034164839799,305.8636302107016,0.11157206829489492,290.09699090781453,1.9268291103953175,1
215.67569237250976,54685.527785062026,11.346571678981658,160.4792039375226,16.283918907569284,0.0,669.6691737232454,133.02075211357072,0
147.97069737437835,41238.900757720425,11.59050861329542,153.26501266801864,20.031952388098745,0.004655293782873992,615.221899665267,135.81813053186232,0
201.63910464381303,70087.5538618514,19.743609396523258,195.85947269643674,12.302362651148027,0.0,542.141090704854,109.96044717646555,0
1802.2149770775886,873762.2288302504,757.6170280178169,68.9579123116877,492.02949052321884,0.1133627826322646,233.8055052945987,1.0,1
2315.822501678765,1422686.2095559402,691.4952240151326,36.43546652794531,276.37475352302005,0.1598094829372645,263.5941590180011,14.737697185838265,1
170.19555501719168,54466.61515278903,7.876317069402743,224.2863714177318,19.143557030644875,0.0,480.8034257537512,149.1606901145016,0
1920.8209472259923,690901.8780982165,835.7154188896427,86.14229250198338,243.54411635680043,0.19783089883767277,174.94938845465725,13.778683249964772,1
199.31766041023516,42195.665453555484,22.35119943151665,193.05195773726243,17.01182674209911,0.02190524704955642,559.5386853978803,141.78709588688446,0
2335.7586868399644,618634.3139567091,645.5566588446153,0.0,404.39109964164817,0.17289486898077713,313.80707683182504,10.550487976072803,1
2382.399442256049,823989.7365088845,758.7601955684788,40.3028156108351,430.19926847411216,0.08682807100580593,240.48037306043182,9.12012920965261,1
2389.2503492204974,831555.4069980674,935.4992691849327,60.39224380607004,186.40380758909424,0.1949945663107041,152.69577826545833,15.005142630106945,1
177.06623575303334,43037.879484201,7.426175250186301,196.61118761061815,14.475116576576669,0.0,607.4840175702607,119.0219272501357,0
2748.019403382486,711882.355218632,694.4488444181358,44.1267360312805,328.9360624616065,0.19367831588168385,321.8612103602688,8.12597227338704,1
1986.3797202148917,964167.9126958319,635.1953816204093,25.27792491200341,255.65036478937304,0.16042779574524785,216.4812999153723,1.0,1
1785.185226666426,886207.2090673989,1125.36017650127,20.479285918885445,567.6507906684146,0.1359019198477628,232.04350529255586,6.773430985284618,1
1066.2417348424917,904486.7251214489,812.6686307389689,18.488553758037117,481.03293797647416,0.15679572011537818,237.22327483592795,13.86055689387008,1
1265.116001868813,674370.1888340765,660.8358904674878,59.138871020550276,350.6467154584896,0.21597645870149068,47.630568249475914,17.092327291548756,1
1946.500871296529,812642.1276910247,770.8970141045569,101.83878373862333,421.7341281407192,0.1938534548750609,228.0024261009404,10.318699198640463,1
1785.414742352506,871481.9463857999,734.5118744876588,29.10108435901294,360.54370191303883,0.1082091023085372,80.63553220103648,2.772808405347239,1
2166.4428593134853,840154.8800763646,260.421624411875,75.98818735839536,237.95292116857388,0.11324810827193298,271.1919490594826,20.81991782872186,1
1850.9315348854473,770268.8872850501,1254.2931883611266,102.29990383973725,314.79193399091474,0.1667056316491769,319.5191211485342,8.514627433749784,1
1950.7414842803153,816364.7066677981,1234.5413247239842,32.90319674440569,125.90851162432571,0.17756742936430658,274.9477218166062,4.965860120048481,1
179.90037099353975,49719.16924895968,6.830749263670537,229.43993931053575,14.463944155238817,0.004598464459275274,558.7917945913622,63.069647025859375,0
278.66774512376213,48092.395396654516,17.60382844565353,128.85160128892514,21.194249423367296,0.008773237788852797,622.4396479928777,115.25743388114265,0
2314.6398938641814,757609.2722783448,763.1844238505365,29.00517725905827,291.7783205880043,0.1460285021183896,319.68582318122594,10.576793574815932,1
241.5515928833987,48271.28917556564,23.951428190317255,201.5399141456433,14.522509633451778,0.014811740886745377,436.63679150548546,58.48030225721682,0
264.9614148893033,29155.978450115257,22.489135986750295,144.33882181311856,15.35294787708669,0.0029148851318108165,440.11736545432154,128.38875657069295,0
1920.9304469272392,879140.9772333886,756.4765800381099,18.02604247887832,220.99927035629466,0.2016185439776066,190.76690202310806,12.504096110494583,1
183.04834620497186,62329.019341026964,23.587960839062543,203.87783589235534,10.189614349642001,0.03445978611438028,318.5238251324803,61.22233181121261,0
1868.6703805948532,633917.3749261398,731.076058788484,8.291448201735328,222.65516473782162,0.16852027117347115,139.87590971895378,12.979397419983506,1
2673.953209033016,636726.8264559812,950.5442609721986,61.56396034216286,287.15607810989644,0.09048285008470822,293.344084223291,2.9615578986457223,1
2271.598610296973,789855.4191085974,714.4163404181138,43.020095208360104,353.92525802580826,0.14191661721065263,122.81383024297068,2.349836353861825,1
2467.1833264049437,611608.1216847101,672.8410910771145,19.620132518617982,339.8610563468411,0.27491056011191506,110.45974954365563,6.085721808599371,1
2417.196574930861,961118.5265351159,745.5622201137433,115.415886831296,236.8376880058049,0.23495697214649788,293.2071029861911,6.199202428419881,1
145.13311627264784,53693.58059699905,21.615246521538467,209.01296252586502,23.59049998119911,0.008136229360432174,360.3019884224824,119.58741362879394,0
2695.0169731948376,807461.7876181746,653.6129968243474,13.737748857180293,487.09027954472214,0.20633338113959168,244.25321180767247,8.289982741358585,1
148.24609429796794,55518.58771531292,36.15982424162048,181.7380009740583,7.294635017493029,0.011842552224045533,483.7849579024718,139.0979841649842,0
154.02738569991942,46250.553101508645,23.277464699519495,202.68682828078778,8.24102036968345,0.01795459874870404,353.90233926448593,131.91297769946414,0
2220.392914378268,459366.36606496375,970.9226390128857,50.408582549449775,547.9134574725335,0.1683008460384291,37.90145408122095,13.536020971348425,1
1973.310744406867,761555.9586396163,937.4021916224764,50.30627859688264,273.8859745240889,0.18611125774616807,339.66166845587736,12.156807928718495,1
271.66072533030865,39745.898722220954,28.937987459354567,214.42470089347853,16.914355676857355,0.0033827640181185526,553.2232686264914,117.14086025352036,0
2430.470010035166,706539.639506468,713.8960337622798,56.14524985509713,400.5696591169289,0.11489191484538874,199.27487940578138,2.1755723727412954,1
2457.816055723158,662264.9806391868,549.5423522206381,63.33193587438269,209.5866211729783,0.2469262771170173,175.85571600194422,13.067553467551907,1
1814.9815033232696,870786.5006736821,747.4145512288776,96.13116802391426,385.84344557964823,0.1604276052807938,175.6223055206059,1.0,1
1975.3700495798016,801882.9084665427,991.6540808010648,75.90691292219492,143.09332561616148,0.15888383038811002,177.63167935549893,4.878256673699342,1
186.70806040423105,63581.21095867261,21.0870215281341,167.69888941131939,13.825246481127156,0.01836922785624126,574.6676303908931,186.56464435078425,0
242.75096621486392,37973.0341409897,17.365227498209645,165.49556198252333,17.46861357230124,0.0,533.4744906892793,187.1699795098442,0
2067.5743983034968,661361.088377503,897.4778038284697,75.45203168611388,440.8916935121435,0.22510081227251125,274.29352794883596,4.58164609861316,1
2180.0980068150193,768284.3607082852,687.4504337366036,91.16051519099236,240.27126041049345,0.07815078249165387,183.36842065507142,7.013834960429996,1
220.87359793710073,49132.952991578764,6.624563067071058,181.26262669159658,7.989520019786175,0.010737969817693727,692.3330679206459,173.40323341202875,0
1411.0917536665256,648476.3489433037,475.56607275790384,66.49042458653054,380.6079891280618,0.13258793993731371,152.54006460946283,14.39657491697828,1
107.00822967271857,28196.337912618113,22.551933517560165,160.60798401991053,8.979915430819704,0.024802298689713072,520.056913856685,134.75704643704864,0
193.3885671734414,49058.054246491665,24.796905305975304,158.66991269269215,13.919138883390172,0.02091906435761852,509.9093008521929,82.29882931089213,0
1501.8737963799442,651961.7157874024,807.9521918552597,40.21768442725319,446.2755191860625,0.16322886223152486,289.94362189508263,2.774860714616697,1
1853.317927141969,613462.9111190205,1120.83642402922,56.46503599405906,276.40451501597295,0.21232512087242486,53.6631177828821,3.471912140448598,1
2113.2569038018837,744028.3590580637,958.1531013129222,49.22687613123434,279.1741166892217,0.13147415453154077,148.65084296852146,1.49459952237744,1
253.29901153938218,59159.30302279598,2.6502391795456717,150.92300164279374,14.873528672175238,0.0,553.2401306237857,123.8504499907589,0
205.1015648620287,54961.207080887856,23.56756290308358,156.65906484835838,17.64009339847261,0.0,439.2832913855989,101.77919504493406,0
2687.537951777618,683880.0587225923,644.77714196055,33.494282744165695,541.5446161810391,0.17193812417606602,262.32881483653364,14.1613402175394,1
247.6026826569945,38630.77418589566,29.373769669196477,145.37207276472938,13.962858816515949,0.0,461.3037402694568,163.0469462113834,0
213.66020114260613,55818.50439307078,42.340930807977315,194.68214106723553,15.157870611406915,0.011340044761679099,655.972713250129,125.99310794142777,0
2170.0090375981495,346141.26471761224,432.4050721581483,51.082618456833494,276.7736241961136,0.039361329455293706,263.9301431678466,11.764449605166766,1
1987.0155723652078,800013.3546445457,833.6997589531245,72.451021507624,136.2106533238885,0.18033291874204294,184.21451602313525,5.413523500442045,1
1933.809378628963,663697.4838334471,562.8425572764666,36.07390465045108,320.80754764742943,0.14567564394949592,159.01198263688758,10.69048843322697,1
187.74696744046489,60713.04538929615,14.777615204574932,223.8456946542136,3.8731840645100863,0.027350229997738763,584.5984179756792,138.31603722031636,0
2183.3124853160593,805316.2594559491,683.4794466207537,63.48551436956251,295.3113300701101,0.14648222086976895,198.74106507831783,12.58326541406993,1
156.64973718382868,50442.170029001834,16.868460610917193,192.73436906298934,18.9863628058464,0.0,592.2455733236206,45.039369002786444,0
303.01490852620395,44879.38580680873,25.159584767678442,244.06285511581703,16.134365090063685,0.01759533745763219,327.34995743976447,121.67996348576366,0
831.6018741212267,818388.2848398865,571.4271054419263,68.92402800273443,146.15336549630126,0.06790009367815261,153.15979175204905,6.492162626152523,1
1541.09623070274,980227.9515852171,690.9497062664882,73.86831988168463,332.29523990468374,0.10745785620234757,219.111284646229,13.354934737477,1
1449.7979386345455,1023167.5395748017,726.989131426905,46.23201034079327,201.57588085199154,0.11237701979235097,180.9265596914409,9.810000679973607,1
187.97814014648287,50559.393501324004,30.757229674941918,144.68537941809598,14.23224838914981,0.011860828936902983,419.3034571977379,108.28738004054748,0
219.24754830529315,63286.31066849436,24.395161442914286,197.84564016990697,9.453814331984963,0.0,546.2866822254905,121.25627150319374,0
222.39068583613553,32808.38866123953,26.684176852860094,253.47580679316053,11.40457260555769,0.019181462252078334,446.24382868946196,123.69969645282428,0
2031.7391536206876,850246.4135343311,1173.4947945269232,43.583579066537574,221.99235892849765,0.1283407323238285,254.4881802000195,4.854413427236709,1
226.61545927766744,57287.142340743456,41.06884733278146,181.8523985917656,12.73690530173028,0.010890122536790227,373.7325487981677,121.85440304998824,0
1158.237719093319,469666.18263895024,881.9685956532536,119.92132068350797,264.4854305154929,0.1677344362236531,51.94072420474126,11.213959055475613,1
1268.0279350682472,804182.156225002,984.0179028663658,128.87711353673677,257.95792849874124,0.16936718381266658,125.71049469161206,10.128713379412867,1
206.05889746497309,50140.72082873505,17.39771369436879,193.21229248710185,16.026778411257286,0.0,370.69163919842094,81.50524020703747,0
152.26040914345893,62293.75717650104,39.822603001455896,240.78098717236736,12.088232002692134,0.011272414489732503,382.140294999894,116.01241880450121,0
2046.946300438525,861168.3508936858,867.027989856491,71.10681447855863,305.1844888660037,0.23293057844391626,231.76198088353348,14.41987787815972,1
191.75311123018906,45084.591738428346,24.712504578458937,164.46664387469414,7.0789183056407365,0.006485967319945182,627.547898577451,112.99532189313997,0
2450.798200772505,828301.4222539286,1262.4133102405926,127.73186503737108,145.59866548749872,0.16327196403854288,115.24599183625813,10.940720696352706,1
227.15771341525976,39987.08567243456,25.711740662910472,246.59104234993086,9.986107218604428,0.00938116764872605,405.7819003040695,173.45538949727685,0
186.4922435331452,55167.02818648466,35.68206447063832,225.1792925179168,10.214235860959251,0.01516414282754405,554.393169418334,157.95749977267036,0
1676.3977900353445,776467.6048221142,521.0461879379997,60.14215180181819,191.66460418973602,0.20109900971639152,286.48461360403974,3.646387005029932,1
1547.794401397927,630712.3772574274,788.6061758362778,84.32738774436865,225.24786716362448,0.2549914754881216,327.0057205406433,17.348919275162494,1
264.4222124659126,50846.612807327634,6.642794906954306,179.8524389740643,9.19344897638702,0.03507724785506933,491.5451641766359,184.38534809236376,0
226.90172199641256,59607.34307594464,27.39631204986562,166.25857124697205,17.527480221041376,0.003715623988178667,537.7132484311027,52.62143541830636,0
2789.4643576731432,883078.7294525479,917.592189282622,90.30786203982277,163.65455411870832,0.08591870298584399,105.66060645633861,14.653717890327163,1
2364.2830053300654,979203.8697585546,709.459504140162,69.08450479538232,169.34241334254347,0.18473045671977895,199.5804061991881,10.133621679236311,1
2021.8052745238624,798430.2808534306,948.7003204859147,72.36161926529637,318.1632461528351,0.18274142265789575,287.29750217451044,14.097830281559052,1
1844.8856496120197,1021742.6884076737,649.5803295336063,68.98184308833676,141.48650920777058,0.17320831714042048,295.214243695321,11.791817581878052,1
222.6982789654348,44681.225060572426,13.36826249363235,132.60139166863144,27.13736022168805,0.009568596559305573,574.192991970893,148.451787391746,0
92.63554851306725,45600.122954702914,16.70790601640992,203.12619667458085,18.565237826022667,0.008289678783822682,607.8834914259941,128.6673131463766,0
227.82667213756315,43810.534474086366,27.54861892474043,238.1807216383615,16.480847923143703,0.0,518.6215862358134,158.16894621733582,0
151.49252401742936,60473.15286073758,12.780054602632884,154.1761359016931,18.473442611986034,0.02065279371699199,369.3337434543748,142.5956562753857,0
2507.5331980402307,884687.6169974887,658.3881679938858,39.987474162856515,289.8894066494745,0.17889865591542614,137.82961478442957,6.4207006226980665,1
195.1910531538334,39062.62938283329,23.33549011636205,151.36570224875067,18.392014376483168,0.025160251245495247,497.99829699690747,135.91017904301404,0
2317.8503249255973,933498.0548850251,1142.7348478336608,0.0,218.40698587412703,0.08053808528239496,255.29348282063097,1.0,1
2539.781045966141,739249.8268404492,194.39548738635722,67.15910057741175,356.0492705098357,0.2471310064409818,136.0160745549224,8.909172723346886,1
156.70844421533783,67396.48041931012,1.5761553796932795,143.72252059616397,12.354807512161802,0.007661194890820648,639.1433179255312,75.3556802926265,0
327.4663976303501,50574.10071438158,25.7185918263671,208.1859132888259,16.57671008893289,0.006419457207893149,712.2197504272245,216.2930288589917,0
2943.0796920105477,917897.74627,935.8708356732641,18.526934321566316,366.64387251521055,0.11019697590874424,183.68286344060218,9.925326736112648,1
291.06494254065547,52738.42398308456,19.409577826949445,203.05156766872844,6.90567353359905,0.01786323668291579,483.93788598792304,102.06574159709511,0
1835.6612279603144,885786.1198498156,1182.8734554114176,106.29601622433478,420.6785107234315,0.10181914676244591,228.46285689955525,1.0,1
243.29843192085767,62591.14849334736,3.719577860487888,207.62229273097012,20.672662243486094,0.009090351052086713,650.9886254577103,132.18505677916966,0
1907.168769856649,904303.5051466681,930.6839022238703,73.62110499332867,459.08507211018605,0.08681293657393814,135.0516174173414,10.272477885773212,1
168.8896277352641,47203.23168867107,50.88512194860284,151.95836704048781,10.025327780918353,0.0016369858004407836,495.09457265386357,94.83523223418405,0
1862.5386894307833,621445.07956436,745.8579157924447,46.61683839361137,259.441695906885,0.16137417434206885,98.01354446912256,15.842489877163526,1
2451.747049251341,785462.2145556102,909.507488975968,0.0,387.10605841147304,0.09879397162056644,205.17023356554043,14.687872646937882,1
2375.116615410021,668070.198002698,882.5713035995112,31.361779586823445,139.545691776518,0.13666910892648163,145.9391668295175,10.851682291431503,1
2129.1821171600177,719302.7109266291,946.1313211624237,52.5932941510455,381.7603406021747,0.13789321159103113,288.91622643463967,17.56918995664867,1
1597.72863314046,653031.6992003196,690.1590737149269,12.528387433987682,277.45676506666166,0.16416148886216814,320.66886146277864,17.3286146951325,1
154.47125580392756,50323.701007270305,27.583530326440656,190.38445391612856,12.432740064754455,0.005098038865219802,557.4891917913931,140.61360616291037,0
220.49142286643462,50859.93480747625,30.643121862471823,182.69818264271447,15.73118528482754,0.00399617571083649,409.626844405368,110.92310265832737,0
246.54191131752646,31971.438035821175,23.72325560060305,194.33838305467071,23.351402103938746,0.013299028815939605,355.47050517688695,143.83644187049293,0
2156.9335009657434,983549.7230527963,620.7546903660083,12.098148101990496,284.19251454870994,0.11435154246336736,281.74291761256126,10.817484730422242,1
2231.637561403495,742828.3269408237,841.9139495046232,0.0,153.77410918987732,0.10442632492718484,275.4584217648302,8.791775963702506,1
195.69496740894758,48868.31590271103,0.0,201.88489221757362,14.113626692580002,0.008622885592194329,429.9207389081058,140.5610081984561,0
166.90370294666744,28293.845902045883,11.187615525639496,202.4616461847858,16.36000553441594,0.0,455.2580855810323,123.83531837100256,0
2040.1184257226425,596108.5180390981,1038.0098357199506,67.61042015463116,179.64883657929994,0.048213625283573064,222.15947800642763,13.889463144690865,1
249.37025725232002,54893.83938938409,30.874546201484645,183.65175088701818,7.458133063340765,0.0,572.7169249680283,149.36106176688713,0
1955.9932836976823,800512.3826012769,621.199106952302,44.47142548242118,242.5840903913627,0.16681770445642072,288.388044414578,17.203036845551125,1
2045.2289447345934,991196.1734293095,583.1492164825813,65.5553495644006,311.54000860531596,0.23430864928730905,190.66325848920624,10.746510083256775,1
192.06825814806558,47471.185536821686,3.2088957237628293,168.7188380884022,20.64985197053778,0.0035836756086198374,637.079656076384,128.2742926910317,0
200.60265903009127,36596.43791978796,27.768076988651465,215.026221274132,20.62397982585619,0.0,657.8792739849862,214.31198893498876,0
174.08600788168627,56172.81580492258,7.355696388227864,149.77837125037885,15.406939182125388,0.01239583644145522,671.8740159749111,72.56519079020252,0
206.39202015836426,42876.629355872916,22.907331778668222,114.08891435582116,24.8848768405659,0.0,628.990552676167,124.39787568590509,0
260.01531291296607,53942.37649442031,27.821282390947403,141.3282591533586,18.268413544056592,0.013598256662868898,597.9929109697188,93.57652539292445,0
1721.6408451399836,718723.3865930185,754.071951240432,117.28222170769303,198.18500649970588,0.2583423727751958,200.19694684700931,7.708966872525771,1
2548.9772722257007,764402.289340016,684.466123050974,31.481181457634058,324.29696779808484,0.022673353133570884,30.83047468321712,15.876345846532232,1
146.18773998406158,52113.86475048267,15.560983635812438,204.2210082089724,11.01521173359397,0.03327805336426592,417.5445357867097,67.8020584442545,0
255.2996684953649,52819.558673941574,20.645896569432217,176.2400490308486,18.70321354921537,0.03593548002069308,592.6107750448543,99.16393753347063,0
210.96912506819282,21329.450462172565,29.679988045538643,105.90308340044182,15.979091939407306,0.018456753684533225,420.69462238694246,131.93638406523823,0
241.92446018681724,46203.13474857439,31.335687028756247,177.39817309124763,11.751971836991679,0.026142460943748967,495.90838382266077,71.66100816383067,0
217.43879470231477,62728.82768754664,34.30919018824352,176.03153059095797,22.13163488450017,0.01315581254197363,347.0613934191721,138.5179603897488,0
254.2643502222955,44651.88661781442,11.824416016700345,271.0615475817236,17.401539086120934,0.02010524020326713,524.6853929131216,112.86831912043502,0
1781.1560147409393,1107546.1368467016,612.9951451776901,43.88069305962529,193.98351282069947,0.16362779573298597,259.16600865671376,12.002303981755372,1
172.8414584471943,48114.1386699399,24.045451930861567,176.8650788749695,1.106651791669746,0.019090615078050974,441.3799323421026,94.68421418956302,0
2185.91154484021,602237.2585542293,909.4631118242601,128.7917025602714,465.26782162184327,0.1165082269533475,153.07865685214904,18.615227154854367,1
186.4162808156354,52792.41553933562,6.061648479653742,157.56403636624694,16.016822623478554,0.019902664977049435,512.2382323604816,77.7066462609334,0
1683.421496508733,641981.8133285365,998.5833320403855,33.92743446248387,278.892018632047,0.1115413263037512,195.49873165877926,15.706860523672102,1
1821.1876169491495,602911.294964388,851.3724085814248,107.50780374500985,237.40537884930276,0.16100814871144709,201.31551867957555,6.659491202118719,1
2043.1048354705283,855596.1345905308,1135.6540302986741,105.55877060534958,192.02060944711405,0.2448550474447813,206.4172831751171,7.362295749609858,1
1804.777654307848,564782.5791298167,908.3968350011191,68.5897468204513,328.4676065298398,0.1250111863431712,141.61059336566072,9.023007978729606,1
2209.087927806451,597831.537472916,542.6312809105475,59.04457791002115,393.40688921659023,0.13710753489649163,293.2008949814541,12.41540776041093,1
2065.5827973769556,808462.2293038776,1194.7622070560822,63.85350379108629,259.43139381163144,0.126828927562535,192.91767984514638,6.371907561246612,1
196.65234135508996,48296.11576643889,18.304492842995558,123.12951723811537,21.865874589443237,0.005645943725726104,542.0879019672369,93.50608845280415,0
218.09609269644218,25858.921489689626,25.803959648586034,178.74581197293992,18.943055596326104,0.022391720620880295,366.7802286708988,96.99126918316861,0
1311.6747366051789,943671.3883247873,799.6510685159597,50.68695381423394,177.24509823678167,0.18851587285772886,171.45677170883684,8.490290351597158,1
2647.6939213572537,1159567.507179771,821.5157619133536,15.836873179537669,235.38186390897278,0.08153765280554591,326.7908550182016,9.832649303906548,1
143.6109617554143,56594.84214251896,9.247116197786253,201.1530997353845,1.140221846870359,0.019204144983406113,554.1355839585981,198.97379106642603,0
1344.488137373899,830325.874548211,745.563201066209,49.330942997485415,495.55608385676885,0.12118077292991296,203.17516259650614,13.696904420195072,1
2480.995911661025,1000981.9679666264,556.2361807010238,11.643193006520079,210.7033617986147,0.18587792063138328,20.0,17.372930536626466,1
176.5298829898638,36736.038966814514,21.07105030009472,131.4912480382964,16.130297945510126,0.01777355062737863,460.35341179534913,115.29377364854071,0
1865.2476306419367,809461.3510257428,612.9093708070709,36.54093341430909,288.41259025417645,0.08553367843838112,332.9465439314548,13.042169421468042,1
219.849565224942,52172.73158228624,21.7711983000503,174.70617306570054,12.627543852864648,0.009051914406100115,438.8404191620882,167.6340417703236,0
1725.6689276773045,869263.6707384817,705.6143128416492,81.84989519243271,476.7295238155356,0.09125649317129861,207.7757401827052,12.030013458282017,1
176.48136728536022,42746.084779920246,15.894660119849851,204.93164265007883,13.826615920388695,0.009036181864415129,510.2090624888082,108.86959846529683,0
1915.623709378278,859522.7190471686,1018.101552164486,89.92801274994436,411.34093418671716,0.15957504826020621,184.17090370082667,6.1744277182805645,1
1628.7701487456873,682390.3343783254,629.2695910412591,2.3577601657216007,174.17661460157035,0.22305931887358416,303.7358745688957,4.440340292562352,1
1614.8344450136708,764916.7711844054,740.8816033564684,66.27579771544521,168.77683804074488,0.14069307471731568,243.88328890825917,9.51710268544573,1
127.69710728057727,54039.54020735611,28.04880565862379,183.22431102482085,9.558461034726538,0.002987740073685648,517.6769678225903,95.33451440302133,0
1749.7953033055142,583427.5726654369,751.2465753208312,62.81646201375159,447.96762295388237,0.21357981828643036,186.3482418063667,3.3444307762896592,1
216.55200774980977,45315.74302100542,14.993818540113468,240.0640749052477,10.439607449051032,0.017402843336529153,393.01160864187426,92.24949897808447,0
2921.6150735505416,868428.8956121461,1143.0842195598466,10.052709288689577,321.64570434536347,0.19083669576992301,258.1090280762803,14.538373075141143,1
1661.9337891492323,669134.6033766498,825.6932391581548,87.30203165124541,211.538054234866,0.15059138595674879,313.08249326771283,7.7087900048954285,1
218.94213017291972,45657.995667411145,19.596576134659877,162.7155295818795,9.944836566483723,0.008243471958601433,626.8945141433126,58.80786038020008,0
280.555807424981,60155.1521648293,33.83720361192999,264.8669994026376,13.662437390423708,0.010377228966822383,464.52363276445163,76.11739844525772,0
2064.8051007952477,1008401.7681207581,831.8114996108184,18.919939552591966,436.2647743007243,0.03237757000161143,178.41624491160997,11.771740575410323,1
152.05586995855006,27502.162220483926,13.679141771910892,151.94623400944633,14.263558432327212,0.0,462.85738723053606,112.87196228547907,0
2513.4394520432543,633833.0827874031,947.1926407445554,60.62944458179856,360.7142466627684,0.19296260570380322,183.3862428794713,14.997358340040842,1
2799.7509061480405,1012021.1025793026,604.0089006030757,9.976930745597187,367.7376295975463,0.13806703595096262,172.31850530447664,5.917939614658938,1
176.42375962750256,41905.136811072334,21.411690188326403,182.2457336097667,21.5236584991076,0.0,533.8272223827213,129.29805780879616,0
130.890924231148,53750.6215189234,3.3564360666979915,173.24283374701048,16.835721884431027,0.022421386186275805,481.0679677432102,48.70903690371034,0
910.7382748499767,958874.2597612789,729.9315048152323,0.0,158.70731033399332,0.16142691667057066,193.02841107992097,4.609627655593238,1
71.76278290897164,52355.698706398936,11.546795350224313,172.63548271531343,19.62287678297593,0.0008909278580004343,494.0499471713263,83.7126753759573,0
179.67924918076923,38772.31567729005,30.27581070553822,227.62402715471674,5.263474171550916,0.026194351580732925,606.2533516309917,128.57816351744137,0
85.96310773140385,30784.954694513617,26.876524845090128,120.1735899649853,10.969662635242177,0.0041481592347333415,417.00272230202256,94.11285796402,0
222.5884300470492,57314.92407940935,24.203228297761292,152.89839948372403,16.62340826614425,0.02850853634291268,482.3056118778662,136.60959690246483,0
2449.897679560694,739602.7762769698,721.08970122341,87.0487267911235,229.01306725465736,0.13313672696546042,179.84171048921547,1.0,1
183.61634528190194,63679.074507209705,1.4318959805983411,225.94969399290972,16.757853914812294,0.017611505498063198,324.97845351539297,123.82411231575801,0
2167.1836420171057,983638.5308218976,887.6250984881895,63.57236354143964,168.27848604032465,0.1221520944913314,300.07720936681056,6.960996046974227,1
150.7420983844587,75319.04677742178,33.812790155589255,228.2269258076782,24.53817985221013,0.010213074903551111,523.763386704169,69.8101008674331,0
121.39798721733797,61985.198365166936,10.95192496785578,211.60302197888925,17.399195184511083,0.008784014096534575,454.0122184262978,172.4375339954576,0
196.46598091739642,38237.996833565674,7.309103851401877,126.73420959770067,12.491857218140485,0.009925636533544106,513.3413081570823,111.67312285164925,0
130.09451701005747,56974.883119210004,27.329085574375345,128.6740878958536,16.840732775992034,0.00306919448011792,399.37583503287726,81.86210039758365,0
2137.440904943884,724065.6008139608,727.4408832443336,49.64988460012494,281.2089865448679,0.06995833553782937,313.184046894751,11.94507347356746,1
215.21833645151298,58399.226051327976,26.47574103061686,167.82637580328313,1.0,0.0015614492479566183,460.41316054172273,120.32391245395435,0
192.96045567918074,42677.14618597925,40.20639698775832,215.99998657718933,16.772394774977283,0.0032249088311936368,465.09058366600823,207.25503175514146,0
2299.6119964466293,901050.0406683104,706.7798006618387,91.48312734253308,109.08626837173176,0.15487426564948567,145.21052469783723,5.217128252817768,1
160.27002724374725,50133.758127158624,24.477150300950683,166.05652136180052,10.673111697967457,0.013448170778897883,562.809182816516,112.81330046877417,0
1927.7165614439955,883537.4229146099,733.6695466805099,11.020650620147684,251.44428836376488,0.11415894121730194,387.4685738069682,12.099419235817109,1
187.20839643295884,78126.49248238723,20.300065385309402,57.07878916714802,12.564420948011865,0.024443437020934315,496.8461217902233,150.3721049078174,0
188.5353673223846,56312.747301215764,30.955224114958096,202.32874302190152,15.887606127585256,0.006340957548625455,775.3577215673338,126.74670664818801,0
288.39649567899414,54661.776621973106,16.19961937807804,160.13101188825178,25.325121288504278,0.030937788508227176,396.5739140859883,78.59991079436531,0
2100.099590263585,777689.8113849189,1238.4007888592864,80.68964573232006,354.99739566271757,0.14380545763782182,163.49164013533095,9.460679743506873,1
1873.7919995013117,715651.8392016963,625.2054878708518,27.528398770507025,218.431370983663,0.08869333844782995,137.24515922601904,6.951120593396782,1
179.2763467082071,50908.00023610048,12.869529183086861,177.83699295848368,18.505180134360533,0.0028081310403705907,549.7287368000664,98.6188225574682,0
1551.0638516989775,781842.8536006534,859.2394004066023,113.9873318385599,333.22253290158187,0.16427842077164584,116.400723146799,9.770109081469922,1
1871.240634485732,1224382.8743312752,894.9168505879042,65.5917348810173,200.88075260085003,0.03603341376205563,315.9118820913625,12.702580175228285,1
2610.954411662299,919071.2734762044,770.8926815274657,28.640577254459537,251.51839775016543,0.059625762174129154,186.66396849622444,1.6219087506627332,1
2148.2143479934366,704285.8298488968,597.6396059176159,59.32139605228733,263.7630965436421,0.18250613818811423,149.7758051943468,12.546484011115421,1
2201.075653622911,818144.6691054086,756.035882153203,98.6542078492645,345.5957906286613,0.16712849258521048,171.19925973460258,7.7233382744755925,1
1797.1071687261765,634818.8994354606,867.8876770634967,65.23890736787563,301.6681178880771,0.060012783411730164,279.96440582468273,9.260626577780766,1
2179.906063747119,668704.0429340417,582.5282712552255,71.90650285883702,378.0403597488382,0.07052608545316733,226.37240387743975,10.781496359681084,1
2332.5365480433147,698071.4255257595,810.5291642538278,93.8244068228962,468.682115456166,0.2033997366634062,300.48165899040396,7.802373510914432,1
2002.6344624398207,972738.755948547,851.4085705921348,27.092070271161916,495.7697342347237,0.1935904256120563,166.10333213194605,15.815276185765478,1
1801.8651323925221,723621.5254832356,916.8389888352056,0.0,371.0435178984595,0.14067728587933653,325.5154793879499,8.484386653170382,1
1902.3053473182244,751401.3443703242,373.9703283697749,31.752837529410677,151.12389545657487,0.16457642738608821,109.43955018030046,4.297839477546368,1
2414.7181730000825,961763.3789633883,512.1104926598736,49.77826106459855,396.13581623133274,0.2109016675912602,289.043090439541,15.814093660593684,1
2316.033084978286,664381.7889436848,907.386094530453,0.0,244.6400016750636,0.2428552209531622,278.6851118947056,2.1863499643040054,1
247.01447324417944,53190.948340235744,9.210428129513662,135.73670024848488,6.091337504494499,0.008074734304767421,545.4303305739807,103.61456684337226,0
1630.106304999957,786614.7145300881,580.63306278188,108.73697773867549,221.16032738188136,0.17705535855704854,169.5287094656523,12.00065388754518,1
170.44482874044473,32192.618924365295,30.460522510478995,232.31662495119355,22.926306070926437,0.013546211607750226,529.8848044438394,176.3212291962246,0
2164.093937768648,635884.5435725021,653.924421760119,91.65638904971314,284.21851802823045,0.22758423558727708,176.8283685246683,12.283081747684452,1
1803.8449560945949,778356.2445343948,822.7719236301048,68.61387078937685,137.69395283196607,0.16767496442228924,96.6696108783413,7.3735765859428035,1
2047.8508063491258,768710.1502949952,900.634375501825,81.86906003404954,211.15353362661654,0.17568224779061847,208.97877454735658,11.363596393019153,1
160.2931854987288,33790.86481691849,20.94469991819638,155.11969904393248,16.14484967832195,0.030744513948094576,454.2098705864412,137.00412536253725,0
1861.1627271539262,661777.5842478416,717.9530996920706,0.0,475.30848477164284,0.1450390618093228,254.03443770214207,1.4625179906964068,1
1174.254396063167,827459.3535458428,615.3997919095152,27.047519109205677,314.10367855735524,0.1821123711116895,288.9958290612943,5.21833148502704,1
126.64773773045047,64387.05482359231,10.431632871203535,254.01852935375015,5.958812224979914,0.022265347456065954,388.63971683851224,46.59071694219871,0
2607.633470693153,764558.2046775217,652.4548477087563,27.922050518285594,334.22654247719817,0.11719415349784552,323.3264099313317,11.132793331331893,1
142.45677454072165,52489.33910396658,17.531762044884143,143.41779812824313,17.261270613510966,0.0027418330526677607,395.0425173465044,123.00045689383929,0
2534.5304581912505,789170.669510494,790.0491704810335,72.14836268289692,282.7698645211818,0.11446072642920951,313.8455460232571,16.404163782566016,1
287.1967263083896,58956.05243314346,19.252310784352723,160.97003522749532,15.052876027645375,0.010782288143568372,530.0979274438159,167.0984701174133,0
2265.286555881713,785428.1607495183,742.4006218001748,62.25265058715714,345.89829004460654,0.14795659303511136,249.3567341812829,17.034777888909044,1
1951.2286733332032,893235.9158629125,413.53880872816615,55.890468921861725,263.95503468397055,0.21963303242377813,361.67216003687827,7.342358754533329,1
246.2178878593717,42616.23419122892,23.031018849503305,205.6861180919705,14.475076468470599,0.033973765895977025,363.79378234155445,92.72811234508586,0
115.40186754151183,56556.180611713826,31.78450850318331,191.67251069705242,17.79058505974827,0.02966868642912667,389.85857888192163,155.68219575079314,0
229.4773443017801,46484.75264856707,17.186300080942992,194.65347875736245,5.707560311295101,0.005622045016281341,564.9349114224157,42.561809295493305,0
200.57130277803296,50251.28711216033,29.67725386779474,117.45179525827405,18.631982565994793,0.016245484258883624,240.0465501629762,102.29639048042534,0
192.01758462889916,37832.81581613593,34.09906217275028,134.49624018549244,12.249922108137223,0.021700664042196553,555.4064836445871,106.5849019330613,0
1800.0858635025584,671500.6917557616,760.6744603254881,57.58418195885861,388.84495729322055,0.06375913810795975,90.84640608917161,3.7906756468428835,1
106.90774233787442,36665.256812657986,22.550820438677583,139.8444745595459,12.575500036105826,0.012730941056315512,406.96998573606834,110.64240169286438,0
211.47408577318032,31375.152473752052,38.7837913199313,185.94912703681092,9.080660686800131,0.005529905400881452,541.8181361586765,130.9343097599081,0
1542.2384751800432,645561.6645489448,1143.5607013594397,0.0,392.8519850802604,0.17941114636564676,354.2402042447615,16.883798511504082,1
1664.8473621853352,859981.3527100359,756.418296336756,52.183035917640794,389.39483218059866,0.17778689204200704,152.9285301674235,14.468004250745068,1
174.80211292946947,49898.03884374954,9.748208055558242,149.91885110153763,22.254283398715792,0.0,377.3494406977451,168.08109135881898,0
203.01929642122084,65750.82827608731,26.271096001491657,161.102391517103,10.771136026370527,0.0,576.409603935171,105.3914586064466,0
205.48238772870044,56751.44659894898,39.40866939181869,197.07361920085702,18.242829189830175,0.015223275428545973,447.29637679363844,203.24670977189854,0
1857.4507773734324,730846.4072506827,533.7805961921636,39.07791222489638,274.0483142836938,0.14932204135728858,243.83288651966285,16.690045261050408,1
117.24523284074081,67783.20906719823,16.419373304288253,153.35936744158414,19.416997844662134,0.006067020529778544,399.5052560799707,59.264481205295844,0
1961.39247876206,686358.4575667576,981.653537997993,48.08269932076539,355.1573962876729,0.14972553698625404,383.25793838534753,11.66668090123936,1
2193.3629263893035,909359.0328785563,663.9635256929316,53.17580459513424,421.1381572326575,0.20074147477965068,260.5006359240042,6.974997245563261,1
2452.389771122508,774863.7743383679,892.8499147343167,65.36618042383498,314.37756682637206,0.15586411467868572,202.60360254095394,12.10210294709613,1
273.1651445609781,52929.338234972915,19.299871411871997,189.13842726929283,20.979920891908847,0.01781740228047817,567.2987424164478,117.87259393131689,0
178.43302808802449,45320.23686675708,30.732578317891573,137.98320226605813,21.85533695384331,0.0,561.4267968025247,78.60936237797657,0
2012.215321832735,905967.8985169503,871.0214946631694,74.15022450968827,243.12378585986846,0.1324517539215512,248.77492342271694,3.538800982791024,1
181.2579268551195,54376.55673534306,36.71121228563247,231.88228785964637,14.250321997662168,0.0,507.5804557959252,57.2596864784962,0
211.6439010068584,43716.288918805214,8.024117109658429,99.88745045896681,10.621856337516302,0.008111311506955236,516.2718735032803,100.80390369300156,0
231.69551888668713,56047.91582550568,30.5185486052752,202.2958622877449,20.58917200274861,0.007921778112796235,418.0571023401702,146.1603856059735,0
262.58625042825975,45431.90019261336,22.294603644584296,211.91436801117078,15.08252588100155,0.0,506.0976542433665,108.67582737375514,0
194.11945722874395,23981.11684948311,19.372533160313246,124.37950265477622,1.0,0.0,591.5268386646545,87.30753190168411,0
2178.002624456405,811069.5220771141,718.7615263818128,0.0,495.022829984733,0.1256292111181432,136.85976848630273,22.797642283328543,1
218.71932258531317,32594.970109721842,19.265213384095997,168.19133171517356,14.720315029697886,0.0,487.4871971755262,155.89562501299918,0
2001.1450303708252,735985.3516507196,935.0637315986216,67.42554278802535,221.71022804133696,0.24411557448477883,247.74774608956633,13.81175330475985,1
1869.4349559532452,844320.0262036109,669.2605652434979,46.72321008113715,262.62430461808896,0.1354346056726662,329.3001388746206,10.14691348506846,1
220.72047166379983,42021.17236381505,24.802411525117666,116.50028705074794,16.853040544121434,0.026746846667413948,377.00555117417764,154.2331919242396,0
2291.770533572869,1078408.9821975054,685.8057209625325,20.898300845768738,237.60777092170923,0.20562659251812296,277.4340103511439,8.686067501191188,1
2411.091910058843,802767.2868080314,944.1646193370459,36.07339882333979,323.422969144617,0.2557584578521545,347.8958181254063,3.89080977876743,1
2226.735200795708,973725.494731996,832.6503253076412,68.036475529745,309.6554746299833,0.09520319332516344,222.16426707119948,8.72713088381856,1
1837.1293278293629,764377.3636302744,673.8855216853559,44.5107954871863,327.23447247580384,0.10774201763600895,285.72673534036807,11.402911391983206,1
2070.082342561789,921950.2713075195,683.9177276273715,88.13903348653054,320.4163015323827,0.02,227.23480118905218,13.74216849418922,1
2046.2184689640426,593254.7395920377,914.5082122236804,28.277613143755378,164.9081523028073,0.08641176714458694,211.97305081340343,13.82939831206565,1
1891.9761305787863,631142.5188202662,665.0786386026209,116.85378502117632,135.89587055643165,0.10652532206450943,233.64376569584283,13.780800987697877,1
235.08318240447835,55098.20707776118,32.15482416497694,181.51519977958395,15.061805659526296,0.005951436676581523,473.8172806864255,153.25388204076535,0
273.6476786094787,53239.90256272144,24.0975121962329,214.17538642713487,18.9027055474825,0.012514865310178178,679.8192409978512,114.36152554037932,0
1761.5158333300315,848092.2090777527,740.4817139559343,36.40395061931744,178.8899409740068,0.033476202172625064,189.05324218577013,8.447585589035402,1
149.60535251882277,35930.85834398138,16.73756318376172,149.9912371903147,16.930734504960952,0.02158800860634012,570.8524054109816,112.16903151570276,0
1180.3835479239215,750694.6062296038,880.9054949691422,56.603550385321014,283.877561029596,0.10408153815499599,178.6688302152231,18.763099622697148,1
243.9698987431414,58867.59054404739,10.98965970745048,205.80450750644485,15.335905548269906,0.0,469.9884907014987,151.5806430941925,0
2061.2687629038337,457498.348306321,946.737946280607,98.79476981246357,239.6370289355239,0.17222861196201822,116.29934111842314,1.3128936761479295,1
1948.1099923957647,808079.145097375,989.5423513183736,33.331356211692835,324.4550462988164,0.1253155214400721,209.31830777809677,12.084188462103798,1
289.25842010360657,52153.02629941512,13.917602706627132,138.91077613249362,14.135334435800356,0.009360143443714348,460.4955885469729,138.83417977654096,0
179.41808388918955,58605.29707961445,27.35733360280164,195.88936211915967,11.577081555860724,0.015096507632062803,567.3161605041468,141.00629160121085,0
2429.9713378345423,974782.4573113042,929.305149171898,47.68221904002946,371.1004919136425,0.15494207275298247,20.0,11.211384944326056,1
153.67120292972376,57420.289029794905,14.580165997738074,189.88026829936697,20.283049245208034,0.007891702866438328,614.6744605449696,142.24627460796364,0
195.3350675173254,42365.606826893396,22.58246186997227,139.18946831526318,23.74876959723148,0.009403315194394714,293.22770682334755,151.0730575459727,0
237.54344943656298,48116.15872735617,21.796466807800535,206.63332391226862,14.585514882592232,0.004969974872812455,547.5502333151883,107.04451901117639,0
1826.8472507276115,1053936.506769157,1320.3948156316874,55.15966249778616,164.5419357528001,0.16496538581016584,251.06482865149854,8.961768700852124,1
1865.9715520149878,498777.8291299678,1215.4999663824574,74.4787147804598,255.75294697999962,0.06309342778078592,254.60797101439132,15.855307613309254,1
1697.927136719437,759939.4192425366,706.9959817658049,47.31977799012457,382.9700615730155,0.11042959170187272,219.85726721767114,17.47508123618686,1
2075.7855632546098,778894.6419973538,829.2533838999723,28.605664968626964,447.0745465488791,0.1725078659475423,135.42541080267694,1.0736909888717356,1
223.37546711260228,23482.91665080798,31.099696431056998,105.89088553238888,15.874096635104035,0.0013237636977295134,404.74633337043144,146.21420405796016,0
2219.1416711227985,763921.8238593353,436.3841232797056,98.71136586674862,208.83207126531306,0.16841872132035282,79.88606140692539,10.156479374405729,1
250.13789126523022,41478.41194034406,13.210206856480179,150.71968268377142,12.903796716633646,0.007114472197436,367.84287878004545,106.86232884381955,0
2510.832424874655,655888.3830263673,619.0399832522548,53.90178664159508,332.77400332852415,0.21206122620298254,199.1660962737417,12.774452917151134,1
1712.8158877538694,878932.7971928485,970.9103916666153,70.33422251981544,293.2488959014942,0.16148143469237236,262.09047724068716,3.243612487724313,1
159.9894151699075,34671.351216472925,20.784501307779113,145.9917049944377,13.967003697162518,0.005588422530545552,645.6688850916263,150.10986285993354,0
2005.2774623925761,738416.0129248397,668.7901619199199,60.742401334379366,177.79080122402496,0.172051955165677,299.28495400070426,16.697610424738393,1
2224.119337424041,1033185.4177896857,642.4663595152537,47.069321573819245,360.15887598117354,0.1257611301540006,257.5046056930383,11.355317921442545,1
165.32469177138597,46909.77634803751,15.095378393062894,219.4469619156285,20.01015996655124,0.007108356015893878,532.8584341523642,214.08659733797822,0
233.41630090539985,44163.19643193819,35.759202885453895,225.07772572849194,18.79518572492518,0.0,630.6285386519303,142.8069001643404,0
240.63006438768224,48519.275954522454,43.3102467155807,114.42440378141724,20.878427016155083,0.00856427353361836,410.1559533245918,55.920419471747095,0
155.26364905220868,68623.1756139488,11.77297976920899,173.15069023630696,20.387392713598416,0.008610881872948999,501.47018252794373,113.01121879575446,0
1850.1478819689798,589209.2829161959,537.5835809668218,57.67584097070204,241.54588671689788,0.2339506223948512,68.42671736087809,16.270699350701218,1
185.39144070982226,53283.67972831538,32.86842262645503,169.51583109021485,7.81880290843573,0.01074243634692023,478.97422482265716,105.09013198768712,0
113.8268296297291,49364.91325561731,20.649430875507427,219.79822390266656,16.940684616540896,0.027098992559273838,539.2257077071148,183.59368935611934,0
2007.9871666144077,859421.5376511171,604.6084333728423,49.31925410183808,323.1252555105891,0.1636817432558014,234.813493705204,11.210445442731706,1
2332.6232089935274,918394.1566916056,1144.2487674999086,60.850631460165786,364.90618805588923,0.15548659839030532,232.2818329223464,13.414077191502994,1
222.51586390219066,54194.64892853248,12.726322593408682,70.17544540090486,13.787516039609834,0.016072922249864438,569.6918662452962,96.99128639468869,0
233.1332985192742,58928.55816322955,31.692701090701714,110.66795821407685,14.85084459527726,0.0004305565101089658,383.0335603906483,166.09348099697212,0
206.5137260736443,46237.878962165356,0.0,172.04673588084512,15.400413123115428,0.0,514.7490654432938,105.90197791118253,0
267.67929447846984,42398.099113810946,28.43174310022669,180.2074579463608,18.007750011719597,0.009046521615039441,637.3255141640474,60.44289904258549,0
205.9612930563696,41908.7401505896,21.655154620167625,174.48471244231055,15.08375354535871,0.00799787190377501,446.7406999078558,63.38368366708078,0
1923.6188948513977,972843.8737624867,637.703502603996,44.504387043032985,380.486634854107,0.16726197898512368,177.67319217491936,15.300937846088981,1
142.9030886928798,53645.250379928024,14.628062059865819,160.76333335303437,12.645630601421196,0.0,437.38096308742763,66.01612836054423,0
1774.3846362482705,824903.1576344955,964.508050032339,84.64717484728098,282.59250346253395,0.1455483155437614,198.16338292410816,15.189391144512886,1
1581.715972268655,983152.8890569906,727.8939805141517,59.80815237788829,416.4911805425043,0.20922837704456268,145.67260572070444,6.786790667665807,1
301.75366513655337,44343.61251644961,0.0,146.4457556194993,10.865170782265295,0.008739244636300906,498.6776424151442,154.50476127195688,0
2334.479246272347,722323.1148286196,551.8488111804959,38.455000474870545,178.63836325607585,0.19172170772238478,205.0524294434555,6.6560439992642575,1
84.4948281683678,36135.57746729807,34.79590373650935,191.33765742978548,15.532430973013408,0.009297180779856497,404.30169331618856,57.35540745168009,0
187.37413328485175,38785.68953982745,13.899011339428863,96.0039205709951,13.746087329111136,0.0,493.5299918450476,39.54480555674708,0
1949.4611955489825,771599.5606132967,913.5948917648661,76.29744748198247,200.6909000691246,0.21931549725908978,132.99796036218123,9.320654945516463,1
1911.3440396596227,615530.7014050421,1146.101367470571,18.294290027502516,347.8643664661784,0.12818691264262969,210.9799181346042,10.387774066232101,1
2510.4448163785664,879377.7487170454,873.8106352013122,35.40118588564246,260.8858191342115,0.1709630118266085,248.2158399900482,11.20120070997811,1
175.93794380672938,50146.801398897114,34.26984767226469,226.2536518759609,27.674963730499158,0.008712414242703309,649.8971662440872,103.62532281296656,0
2046.5747722334131,810453.4068591635,571.0788445902276,0.23492070014413713,338.08145143614695,0.15344930351582506,234.46136634241816,1.0,1
233.50396211010948,45438.43803884642,27.096618656378762,137.684949418765,10.192173044390852,0.0,387.63777304500144,110.84060084187803,0
1449.9467046045618,830435.4996609815,997.8593990866934,45.99254210077861,441.1405806479421,0.13789475846286608,67.25267198918465,1.0,1
1583.016395562485,1163140.7773488255,682.3872491758577,39.90325354611929,338.4133925844464,0.11859139711024896,349.8897426158197,11.708788406788226,1
195.92061151574396,52898.85475918401,17.09934226062748,153.15404819477314,10.123818441236825,0.0028105296813043645,377.1409784088154,93.39567311888243,0
1423.16280107605,786456.5036975037,473.83244137748756,66.31178464366035,405.1286865174467,0.21594050300611978,204.8672840402743,1.0,1
93.39768596343454,54389.91029388895,16.794596216624523,111.66400428186608,13.677906436376482,0.029620056638422473,480.33716297509784,109.57951383201126,0
2450.1070984750604,843049.2789631429,657.2524841624794,37.50138900427658,178.5571221084865,0.19748176454265215,303.880132495542,15.496079104049173,1
1667.9096481435756,532829.1499660733,573.3719409712312,18.804676988428188,275.8694317316729,0.046326789216278516,194.43655979735354,8.752442398309553,1
158.1300888086269,50465.57473327861,22.98918152584151,194.4725177841993,5.113606373163185,0.016408941585421236,473.34106363653933,136.79987000279968,0
201.94566034507298,72141.52615791911,15.817316096361907,129.3361492107663,13.334376170581796,0.025201061224168708,524.839406504654,77.67211590631726,0
135.86826748697393,45378.729248275544,14.332869746898501,235.19329319017552,6.783765150722665,0.01582746440658099,224.98515079948515,112.01652315344649,0
2183.897879779529,666839.9674400116,944.5205393220031,11.101217876451365,180.5606207457429,0.16565459673373806,185.46796306006132,14.26913120353257,1
208.82562106862235,38960.11364628338,29.543483290916974,116.06005871946869,13.736211547327875,0.0,650.8684907803971,145.65285553861423,0
209.83880483284787,61326.89820519589,29.698044873917453,215.80873608904722,12.608336192503025,0.0004260727392560778,351.78295011194786,152.6416762102046,0
224.03733294529545,70035.09410401342,33.77736236274744,285.059396361476,14.140706005065013,0.028120338910787857,439.3813052365866,93.23268067845576,0
2739.5127631016176,680861.3983101094,742.2990612985479,61.17553990610699,327.97074083849634,0.1673658264063759,126.4341576094158,6.411252622200619,1
2144.440303723927,995810.9295191399,756.16795204445,64.10803901694749,285.1495205038916,0.24146011489326152,260.17460521227343,21.778449193710543,1
131.16569262218457,39252.33986182286,25.42195285724256,208.05403353379305,10.44344255633164,0.011700455285606358,749.4022816381906,149.2560657487286,0
2035.5707481752167,1088781.9616638883,678.0359123522755,76.24229130054269,371.42792376934625,0.21347482466030449,276.97764582415664,7.4201818476391805,1
1420.6426507460644,923290.6697368502,1138.8397949161595,100.50667136719393,142.83360882269116,0.12521913439725108,280.1818979038881,5.040875714833477,1
1787.0914373514488,759973.5091852589,863.7253135610499,28.721354275460172,400.7466733665825,0.09353919576482828,231.36774442078254,18.377858009584926,1
2110.6203429770135,830991.369158418,739.3839128953693,80.6386329181238,235.3561438910283,0.13554707808792155,190.69676119941673,8.383889955065499,1
1704.5123452582204,842092.23154276,464.8316454820478,56.143478308984946,452.612080877469,0.1313792722703756,331.8015376397985,6.384465666901882,1
153.85567790523663,49448.97900957711,22.42644271323862,142.6709779724266,14.198116820273682,0.014598303064648266,464.76983532898754,78.80655414604078,0
2259.2180165924133,968932.4347667523,856.7801186259842,55.28193991147529,227.41391481442452,0.1525177765169152,153.79881007932423,5.787310092398578,1
2359.649393599645,735617.3821591944,935.3812529795637,83.02385528903636,154.8687759178902,0.21945735482796896,167.34024732085072,1.0897648418705614,1
200.0042196545707,32323.77887060619,13.44256537567686,202.51431680729564,21.09981647388527,0.007973510066997917,578.8845713152274,121.44810557039307,0
2298.0827910525627,754771.759868406,787.6585304252299,38.172451844498205,395.7318374912631,0.16970300445385178,252.0852898189816,12.137315379084335,1
1190.8897514501778,718906.1767152166,326.4157562277602,62.06596747989595,293.1997043851083,0.09201218923944521,264.25462561448285,7.613586170649489,1
1810.2532742374005,954524.8262728091,798.7462052816281,77.3607899979155,342.2517536297925,0.1327993179438348,353.05118977084834,3.1704008787754834,1
226.47067035628612,51075.34180053634,13.300049031217775,173.6154932991731,12.687085929717114,0.005829117728580489,388.84843450254095,97.1461576852857,0
1338.373533895724,819592.1596368958,690.2451418880926,33.59672498738256,484.4304173204796,0.18319006474955832,133.7281187927568,12.888652736913413,1
2020.8064437049306,944783.3943459654,857.5999510947622,40.009808279247295,284.2723356869384,0.19630744617230333,262.54036780036006,12.61902223068506,1
1673.5123093517825,878095.0127381788,1006.8858772454079,34.4783762694988,324.7799557852983,0.14157746475585442,162.55801687681006,9.612613927282247,1
2299.298137131462,919108.7696790682,716.9511061882425,33.916700440239275,313.3513380391212,0.20220143373037167,164.87565268700294,5.374418628476293,1
1525.8113465409265,962426.2996120554,1173.7666346302117,65.34605967300799,232.85362394675897,0.1293401023512202,244.6284255510192,13.097064694773517,1
316.3826550173043,37376.10701142834,46.34740754415,191.84402358493082,14.056256490678125,0.01143301168647696,480.7312373913172,50.93127390718303,0
149.31413167798007,38351.7190353896,15.37660294478713,223.96735975141243,8.164430579828835,0.0,655.2367006662473,114.14601104638119,0
1781.6465664788561,505007.07126666873,667.0170343921291,77.09865456341839,446.23171332871584,0.20524806374491633,41.00987992212015,9.602588810653092,1
2332.378671746646,697092.9714260865,682.7158612081574,56.84154491075728,429.07574610784764,0.20298353186749304,200.65576034478565,13.133221767782207,1
217.6017235901462,72343.86246197682,20.125785023518333,191.49522838574202,17.259611416968244,0.006398619364229866,701.5406363782773,123.99702626407608,0
162.41220760932498,53904.54932053882,14.938307333076661,169.50487477159334,19.335909070560064,0.01630425287980165,488.9545988692286,122.9906166357949,0
145.32643147690084,31068.288387618948,28.63087518045355,119.44953493440097,17.026200456532155,0.0022987191735931254,672.9712790749236,117.52751236387803,0
1731.5636429129565,894523.0129142478,944.4142385081997,60.534319311374276,395.85940807773454,0.19420732674077198,242.72391516031686,4.973014169013739,1
141.3996403702592,28653.06332523144,38.41255614426905,122.63111170169587,16.317126308260796,0.020153318243818528,559.4636225004078,132.7389365109757,0
1519.5279507893654,765038.7261321461,601.353709997308,61.47712064272255,351.2545104100135,0.18278774784090449,141.91606333002554,4.629065265186963,1
239.11751712088306,37319.86083156003,21.7570045616485,192.92333031751602,15.856204123002858,0.0,236.17219237088915,60.0580189051325,0
1345.7026847223922,722916.4806588561,971.5322990332139,21.161720421300032,260.81846174666555,0.1350023433508508,187.99411504401058,17.14814346991617,1
203.3015348780608,48140.43322813951,2.972213881066903,156.82239657673202,14.912830515254955,0.017633388475315998,517.7651376621302,89.06814075954634,0
156.88410202622285,41954.733697751864,19.39076945292065,93.9053670858286,13.014846002106376,0.0,446.53997597328674,161.9591706222301,0
222.30361007410403,58291.210710660525,26.399361658007912,126.24404353234667,7.932457008759074,0.0,560.6230205884345,138.20239427652842,0
188.09131280126672,59629.60573249448,9.91691113725738,131.41326690765754,9.757861787327371,0.004368999225196959,535.0912969810103,105.27453864424587,0
1947.3025897152113,564128.687930984,665.4843831921004,36.54435821428365,312.7165561285033,0.0563592981939364,132.42190541412663,10.70690286112798,1
1451.7991739782465,651962.1188382353,1202.3850725873708,61.0580063887698,375.1583189145333,0.15822842226924894,167.2209376433218,5.837381299047121,1
205.12765918631334,32855.141045038785,40.617991527316086,223.42437611896236,20.722966694136904,0.023573375839998065,484.11672835317455,82.27819221036285,0
193.30885177419793,67853.18394224727,18.20059912116694,163.67307296044183,15.364341189142454,0.0,435.65122909168707,145.42143963736044,0
206.55289130230722,36208.50748651412,24.85122558869581,184.05228220613054,20.647904271137296,0.006722575833332363,447.7889517855812,119.07306223055559,0
299.8365445845893,77107.45527218326,26.144401228924746,153.0811592909014,18.498366376764313,0.008635262881216466,451.5001921709131,168.42727635854231,0
141.08481884425672,30654.69264286882,9.139654469658524,195.80692571261946,18.269931161175577,0.019769641504287123,349.7058912752759,122.24046505498674,0
144.81296511089965,56721.143150964366,19.242285235401756,106.53959190499708,9.851987025576104,0.0,330.7439326428391,138.7019916790169,0
1595.99573553037,529888.5389862703,480.5483954588678,34.03855589196784,470.02090886758384,0.05976949499814102,188.082322083382,11.277603297047524,1
1346.9923831990295,476465.7669788824,543.6838982169189,26.17894439974791,306.56122772171886,0.12323305425658543,116.0817371862244,9.233404706383363,1
137.77641061994623,39692.8296806766,21.84366707175664,222.09692051196683,12.853543147262307,0.005468052660312643,445.83457406011047,112.79602796083022,0
345.69312330036644,47861.95441909509,26.312383280671476,161.03678106534556,10.232145926529867,0.024477129832740703,396.7020774301469,132.15672088898546,0
170.29250221516028,43248.86047856539,22.16204676322688,174.11706001965584,16.78454424607852,0.011458719782825994,501.8861846724952,107.16187997134624,0
152.94389520375208,49691.674859158156,28.69675756694491,149.33918212084518,16.99489817369617,0.00694209534348269,487.1305761455297,63.27541065679918,0
204.5244890813937,51813.142178614195,14.479752709884234,166.83785311807137,12.868492059930993,0.01023864421189582,520.6690072496024,75.93724878220775,0
125.16806550483368,61289.91100962018,25.461118308924473,184.65873660205688,19.244329613177193,0.0,332.5053685024644,138.8107962345794,0
1939.0099002633656,724379.4780444044,1029.5160929396602,88.71149182319104,454.94199537397776,0.14787915600997434,175.428044096167,5.755659949235441,1
1682.2386410398037,916505.3350564667,1016.8706749335702,74.68925679033647,246.03042147345087,0.14880263307253191,146.74519251317423,2.2322969128823686,1
236.53873455693224,60788.790390297385,16.29289615526895,215.534300993386,22.408677972710635,0.035645133182927585,648.9722252210372,148.0921114808539,0
2324.1304067074084,652055.7268141347,905.9023518173404,81.08135753943796,308.8720413717662,0.1335393140311888,311.4605123305598,12.767985732896506,1
1978.6798628460394,638355.7764350632,1018.0585510200218,41.96114576735022,473.29277582352233,0.1471610861430628,182.34361127748255,6.23262562458014,1
1807.4955678123138,949989.4206978031,784.702845810626,22.414813032948164,308.67213735315295,0.12843784192035734,310.99433313380814,16.303586414895562,1
1380.0300643538503,964594.1724905181,938.492824055333,50.6391967343172,183.40322791201055,0.1554501994789797,112.76530762632748,13.047928407063301,1
189.46549928184217,61903.05703510118,22.872907610363637,178.85286849300803,12.963466638407578,8.449687425305177e-05,390.18976469106735,157.33320083456002,0
358.94268396837674,56604.42566548437,11.561900214752768,196.96992549820754,7.425527963945331,0.007008265208104105,210.3005274342725,110.69867202213095,0
273.0722146121101,54622.12489010625,27.129974253450992,208.8880683586583,11.613510289664841,0.007791167934491414,538.1963033484808,111.88688145360001,0
155.0152606756123,67060.91758127639,14.159706667779922,150.15220985771802,11.879792800603948,0.0,605.8814467132795,73.25714000572565,0
216.7920628466512,40573.2008546866,22.566343810815294,72.23989529230047,5.906211154380408,0.029554865439637888,496.10172317724704,89.28653949747151,0
124.87482719795516,26746.286251257134,14.62903010433887,254.01649289500102,20.957754063250725,0.017581562617745978,469.80867855830843,142.60512162035326,0
2037.4643390579417,821712.0570751118,1104.6189832470095,29.335109234485973,209.01785747604447,0.20113552079094393,285.9968947113572,13.780789218765076,1
1714.549649261642,869867.7385577036,1039.427084505431,49.40133066403542,298.87731559133726,0.23055747944134958,332.2031029303243,12.598847740232335,1
192.89983927962393,29622.714922652824,16.26486002819153,178.9217665425917,11.461306102600316,0.010196500951365695,599.5030778384006,112.54535981217144,0
247.02823581956068,48976.03293388904,13.02442793403692,238.32683229916438,19.86998168879743,0.016067331774117267,507.3589111019477,145.27638666231695,0
2346.32288597311,844983.3627110897,1036.7878247783667,46.79256117095729,350.189037967313,0.07134419699694214,196.7436519250526,12.687794411024868,1
296.8615581214758,50019.99356415087,35.293134789672955,177.00949746346765,4.983154352999023,0.011461316409569482,430.5486496930228,155.7453417843776,0
2360.6820325289427,949530.735533948,1009.0815230648936,50.0388861959332,158.9661813918576,0.21058645460560044,236.47024143648758,13.609819352067092,1
134.8910246568841,43257.87538275491,3.5250370095256116,212.24400867200546,8.358023972684451,0.01545242204428457,418.5030693333979,149.75607494857948,0
1451.3995434223405,500715.25593249133,659.8049823824845,33.54470619147281,315.9111556552975,0.0908924596022801,201.9200490372384,1.0,1
2500.9009789862484,667220.1576494076,620.3082280845126,21.715228451524798,338.12292985780505,0.13126161353562085,205.55117076908272,18.59682556683142,1
149.5731979028446,53138.19020107122,24.224674242372267,259.7771397872429,22.170091423697613,0.026879954414684645,562.2295306058376,105.27797544682849,0
157.337832472059,56546.59528447786,11.832068207297441,189.41158836679477,19.123713732739837,0.0033714777786329458,483.3401692350382,112.57645287183797,0
256.6117286089624,48050.20113880213,6.188360685092263,152.21362586484562,17.41317749727888,0.007468094546055946,512.9966292115996,189.61065709443432,0
212.38329505544715,55065.83154190254,20.244487219197868,191.40495365369088,15.606202723385216,0.01679402424726602,295.35703004516176,164.89697637199288,0
112.11358043216843,36093.145700247434,10.306014222613793,191.8413230817047,16.880367658479,0.005153558103842935,552.4890364316994,96.64786310975526,0
223.94377692602308,31918.55953129254,15.586176876340502,189.6168541651236,11.940975582701022,0.0,498.3922165473152,83.20040591325693,0
2401.464995495117,849557.824193236,613.3625868753105,20.473343693934694,299.0189178194566,0.13787447067307795,222.50674966255266,5.735666768216789,1
140.6464786812815,65699.98484998947,27.177256087500634,187.16687098403497,12.953748466949087,0.009099278041913949,417.61712340934884,124.92932920606182,0
1115.6962312071769,833863.6014627129,859.178256237849,105.6276622003887,303.04439236770315,0.1629878364778661,308.21312757243356,3.507378770750524,1
1755.8553473983077,1183077.6165462988,1094.1848905010615,38.70428433964711,295.4363091328577,0.19913615975547616,180.83424868361215,11.877460242159462,1
287.68455133505404,69164.4487673541,22.595417655715384,178.51356860264468,18.459320111685322,0.017428273399555536,575.6486714921639,44.84495791509195,0
2208.5103721816354,1025075.4670426841,609.8432109195653,66.21535133798864,173.53077003000212,0.1122053173303881,253.50270084874384,6.600603675125919,1
1730.3203927208062,895868.3536480065,517.060140958135,12.385744512646014,236.49934708128583,0.0702962463014585,218.8135067193445,7.161127701795266,1
1533.6172294568062,661310.0387098654,792.2791808246214,36.13920520584534,413.870080308394,0.12601165601531372,234.29209725466202,13.096928210429107,1
161.84713951526163,70959.9875022544,35.65779531203255,135.07288071648154,17.07709415146745,0.017436070000996833,397.7034833777598,5.9870357919454165,0
199.12185867612772,39153.89377563762,21.99238041249239,224.76348339404106,14.19438241271815,0.034441003023263694,395.8878532607394,171.10306086172795,0
1573.4665712483395,652103.3474871129,1011.4482745025165,43.90074414478034,423.65641134052254,0.13672074604604048,167.1343075192204,13.173625945896104,1
1021.8135919938856,933934.5990475131,703.2672875724206,58.16275229527222,343.7484699335376,0.23228900313769693,348.7914091854648,9.462385595651932,1
1673.7474265413794,810679.3428109245,683.2475949558352,32.489219675323994,272.845956149442,0.15986942231557355,152.8105043594145,11.212681425018609,1
241.39940883985295,33176.73518208973,18.58597329174622,90.52298005095915,23.232465377419167,0.027609023861276075,596.045507747167,90.4058195900834,0
2085.563603797865,852171.302325887,954.6540484646546,5.440368559806309,278.52533354002804,0.1703556034270304,312.0631404249043,12.739367847325331,1
995.6284539811444,1016554.8954421484,764.5728240244723,96.06957742591314,237.85009645776879,0.1515806977428873,137.73493809723556,11.242547217535535,1
187.71192499935492,42168.201382848325,13.34938279638377,117.04564277856458,3.2272469285405325,0.014389726404181848,452.0319023295741,127.34787339040282,0
128.813278230047,52738.038453235196,15.788470173428449,202.15505281115327,12.324852728458128,0.009389520142890927,402.4471820985259,105.16660473253951,0
155.59330731331738,51924.21117768181,20.091732481821293,144.50439911990185,20.053906920028673,0.009510135119390483,416.8113050336184,150.45865660755962,0
135.9465396577084,31478.381445987983,15.146037970858771,231.10120766961094,16.436553012879966,0.0038939260370037003,617.1524509184777,120.28849851334539,0
1465.8930109288058,913067.1228102496,872.1897428697359,0.0,428.4481243419699,0.2162463804252509,227.04617515765565,5.015283724618297,1
1064.839399540811,735305.6783114375,689.805082496237,35.83739190759408,245.8363854512211,0.11626478418680798,287.4589745883755,6.6215221949022975,1
213.44567238393006,62217.28666217593,24.019282830788125,310.8410448885836,14.108242827445489,0.02418906048695304,515.3797680536202,205.26421226234334,0
1718.5392656673635,650616.2111188255,687.1337449908873,81.45369666693212,260.49393864881324,0.19442342779540384,155.4187289291636,17.083588210954026,1
2164.409067017032,1115470.930008575,1002.8346524496598,44.72966302035904,420.6171702034841,0.12618966507128243,157.5800790050945,6.341810725782825,1
293.8422305640835,59211.50746394792,34.66202819625682,189.24039909022056,14.149404044349208,0.018938183535575838,466.9133598195558,72.61210127479781,0
1897.468533723001,838591.3872636312,736.8453649675214,51.24275030155829,246.8726818047519,0.23821559675037463,247.29659961094399,19.545836416573508,1
181.82083548466005,57889.07883383239,28.508609038591928,244.03500494708368,22.631515999932198,0.027907227386811707,402.31118636125586,110.10638240185347,0
2229.7947756580465,982217.671482428,914.4276519793017,61.93033895137147,255.9988234043965,0.20001222812083794,143.80426607147706,6.720909340668494,1
1920.4429852459737,1119845.6831407077,721.6946312696583,37.26679197956982,277.25088202464934,0.2427604085934126,372.86864143993034,1.2635183349595742,1
182.56374638757813,41639.42885154213,15.594921391520066,180.38209145027386,10.502798802154562,0.01643992678531235,446.006082140726,88.46568116506926,0
2099.274113636863,823439.6647307316,1159.6004940204425,35.253539572401934,160.57683074497837,0.13934157375348474,241.7148839811336,23.448030297987316,1
178.58360889184465,40991.03004695425,21.009367917351547,177.44517659502029,18.790399934700456,0.0,421.2882364792894,117.8313816534672,0
1998.722286843574,765000.1488236606,1117.859738907567,26.27744653830526,294.9012820722404,0.06657541584634116,239.18135405113028,11.536636683005248,1
159.35294523448368,39676.02980445152,19.54441873245459,291.98788887349235,14.193852844095993,0.01953303551642781,555.623913497328,179.48668773832765,0
173.06143411911285,36316.65702448883,2.3303810186994554,235.31488956162934,18.978605404402746,0.0,607.843607640868,54.36636787011098,0
171.1052945961172,67771.82840257724,19.384843203953626,174.59385571870337,11.539229641535664,0.005380069976457391,330.34313044243925,93.55690680596342,0
2414.853975470114,753850.2801224628,948.920275242575,105.07666992590654,348.6947760496808,0.1665713089433351,178.22057634333999,15.428533716525173,1
224.3486240392791,52504.463002607605,18.856778319952525,190.71096789970045,13.25613659399349,0.0,554.3989614322619,171.0903822884819,0
2900.7629800785817,604966.0482299961,205.12008744846014,60.60099758081119,292.145697582582,0.19762502697960332,235.3638147468249,16.987093856894713,1
1895.3845954497028,724446.0088612344,543.9173974106072,29.434796231539117,180.09819086016415,0.12614005651136423,172.1781486062326,8.547157653090206,1
2152.310773857762,763562.643256234,754.0071335193212,53.06283059224053,366.57742660235675,0.2609357232258699,272.3242293872411,8.176793021005786,1
1527.6839868719976,879742.7301205061,763.8506383770215,34.133719125623124,322.7219937098776,0.23067472627242597,113.60378509590595,5.426184055672291,1
1976.6523018926507,893462.8600273775,555.0043821483699,28.601998127130248,368.3617516550934,0.2239996849548761,192.6781546514232,13.274455789889405,1
197.16084028036542,43604.96609112524,19.98081599990946,221.04758672427454,16.49215618087533,0.01662145281490603,425.3879435101514,139.731329335765,0
1936.319625749186,963199.0650457657,918.3714639459909,72.16968341109921,264.8874262174933,0.10269849060800795,211.34623347651245,8.467299899029419,1
2287.302450189634,966095.5488655871,1009.0969851024745,62.06496603357843,332.00841387757555,0.11530617504676444,103.99506309713647,11.92990847043724,1
1598.0452366720629,785135.9526361262,743.7681745188081,21.788830926928895,372.3528846728806,0.24050807470967123,228.13451331766277,10.286335789436428,1
2331.661318151648,809095.5346385421,822.3509394882919,47.243621819216074,259.9806788302748,0.16417675523513153,232.1261270017636,8.711637476504734,1
1468.1482425763386,747495.0920714333,841.174821316521,33.27533836869363,323.2278031254372,0.18686709677964708,162.73457157627692,14.313066095044368,1
249.99121234551473,41834.24892544425,14.664804743171207,200.67961888644567,23.08140876781863,0.007413070207581429,419.21776146885065,163.64820362344653,0
155.34346892075686,70009.63101590154,22.391492846334607,200.76411991827285,9.974468055773112,0.006307867085311896,627.776636359166,129.91140235387522,0
1717.2606499802803,569891.0175167808,455.4433757091323,74.4239169629974,246.46411967290655,0.19490659265051713,141.7261761938408,2.0352273746361167,1
90.9894967755263,51509.21526806496,23.808292528376732,158.40846787948158,19.82671056121388,0.02290891452639408,557.6194689343492,89.63266450162223,0
259.38171963605606,54850.81767064129,3.9494402099607626,109.6036451217422,9.452894847803794,0.00819549972872834,545.2230749145913,85.02286363689504,0
2190.5710001178477,871105.149586148,970.7425494255533,39.207523454371966,242.52307814171118,0.16303001515275806,211.59186430101914,5.03624937721882,1
1404.2024390675651,537917.3994012857,641.8970586947426,0.0,233.05532234724933,0.14490888913552993,232.15959041471305,6.760384074108602,1
2197.688047711398,851586.1343735191,760.2202140514805,0.0,254.46005191593525,0.16165351468633726,145.59649374600878,12.5049778467364,1
1506.3531673843113,918029.3359763392,721.2626432153061,12.879945647600103,207.78160852899146,0.20459933007482956,323.2671750563054,7.356756456729523,1
114.71738919922414,51572.32843436193,20.04132882654866,160.89590826667282,17.430776550381918,0.007352282290952661,495.1428511200729,156.72327841401528,0
193.74954848402112,40597.78791074283,14.57996096474029,170.42115739534705,10.474124716282123,0.004765533575198459,450.7783146824392,176.26696835843904,0
2197.7766196851508,581352.8964522908,750.5863940342823,67.74590136586176,337.514442930711,0.10966844434364079,275.12990124046274,8.741734792167996,1
2211.3508379460977,693854.3853351055,851.3137006962382,7.923055285453287,134.51568849920784,0.15085400001015895,80.04624908265151,10.897466802038684,1
207.92698455383572,66200.70309136051,22.11713784170597,204.43364124546756,17.891990990084196,0.0010572799584644427,474.673839034119,201.75827884850435,0
218.2722032182039,44233.52707766307,14.231515268516874,142.9568783859803,13.77224917399657,0.0035624438616769314,553.9438520636647,124.98416170981687,0
2053.4867230986047,755505.2353628,949.8246343873162,50.569693050361614,278.39517115580225,0.18784367905672292,239.12757593838433,11.35681142436068,1
177.8732144053908,50976.0399249544,28.985552801426163,176.47018198827598,23.13926984347032,0.020993517422876556,661.8295889557384,147.6136064547672,0
273.05894333601645,38076.046695575664,25.566166656775543,162.30108228599957,7.950232549927776,0.0,340.22782821257584,136.3702699445145,0
168.0561075878329,43715.152698632104,20.895927673684348,193.91737908730843,21.058744535980782,0.01644514088682196,469.39898769031913,133.19981415995838,0
228.97805712382387,64782.7893571606,11.651488472284981,176.8505683104249,16.615987984293536,0.01748002262735898,527.3988472873,80.35022752001908,0
243.1914006849094,63251.46728874839,28.353769939022307,119.10743077567761,20.21177658514842,0.007619882771201207,444.52073232083416,120.36846770528358,0
182.4523808891011,46827.132747475596,11.758692786605234,142.09254657443296,19.060481063422998,0.0,558.3468126631814,117.1943619305138,0
1699.6806906831803,867502.0175689254,759.2258716727615,98.0662928409792,204.95720840696418,0.18916911244263523,136.56366187756464,5.11167970364118,1
223.55681466999647,41203.57572632493,18.295903427650178,152.42618991130632,18.577690258519997,0.002924767039960541,393.7892891242894,166.04582192375312,0
184.1878703828209,41204.903713410575,16.45412452748642,238.7232729066119,11.976831317287768,0.0,576.480427172659,53.46410350627025,0
1933.0303492716237,729305.8431454401,726.2872899347537,33.685160921705226,434.59112487321397,0.16891859190498787,236.2155386299482,7.693537242976227,1
218.96400171825815,52518.54415295005,31.044950252055678,241.8835794452644,16.89233469646493,0.016115793650208064,454.90431734798824,192.13877311823222,0
221.8756124309935,61656.72089883819,19.622449655514693,170.55001469505248,14.816464021905023,0.019973845837063676,518.6594144508028,84.56555134477165,0
166.44298613017094,57492.229272008546,10.555771215969084,227.98919121376682,17.067397720278606,0.013793391662842398,811.670424132392,151.61720858736933,0
211.1797774387341,31923.03140225067,15.419181983318724,164.27788249655882,18.153061812416666,0.004663657508406505,542.6949610789185,149.122741017269,0
2060.887259718565,618274.416333816,668.6313555724806,10.358175084482582,262.63909551080087,0.258486067891763,112.48257979170558,9.139258396641047,1
152.49889725447093,40035.8137399761,35.21700452736959,172.85712128424586,18.92530459124993,0.007377531414630533,532.3939642086018,108.3203095429329,0
273.79745240267545,53955.091063625085,27.497655536581235,178.39620351582255,8.479918713860393,0.010089318731106986,547.1067274849391,32.39056722928686,0
271.765007832272,30158.56776871004,20.183942155713197,136.18425243135852,20.791113343979788,0.0133654422427598,540.6827854829176,151.11732656441768,0
146.87927940702184,37526.825303058315,26.642923020556356,167.25307637692782,6.742990837885319,0.0,425.48025291785376,130.0296247964531,0
175.79152833332108,62609.37323562984,16.07773987079717,170.17994041057997,23.372158411976475,0.012086658989639829,592.3654155368913,105.17005040240323,0
200.72639409687844,58117.35709996502,17.33602924807491,172.48003593932802,21.123146787999023,0.007890377206293186,317.88544151124904,97.67652000746273,0
3047.269369432165,748692.3523849248,575.1779408694365,61.44269951126146,188.43459988402185,0.16913498770668023,43.53393392667715,4.049101636251119,1
2121.492732335763,793271.571677703,1109.7420993321966,20.39354116369905,240.93376474760197,0.15886789518302244,229.28208153152642,13.547671903597886,1
219.56323299666175,59651.70492728666,8.194056602465094,143.07339503887226,16.965704515737123,0.002766653404677681,359.0666754534684,120.39822342881124,0
278.9592751490816,75725.1743696973,30.034762908776642,208.64782958850702,17.880347517806953,0.0,492.71429445730547,110.05142682997615,0
1264.562243300375,615042.3439836304,831.581582303975,83.39646751501243,273.2990460908166,0.10748058499706797,211.89107075701384,5.862095431556696,1
1144.084404898727,923083.2410407008,674.1250935445504,6.9818787789513905,193.0203200193302,0.13943185045684442,152.77250123626834,9.940652346610007,1
2053.9182416580593,996221.6140259074,399.1712232972798,59.4942714258262,491.8789930608067,0.2259134553518898,227.23482573628692,12.551507215869435,1
96.83808615976287,47633.411753481,31.600928466435505,177.9765039426628,15.5634560020777,0.021883499206053487,659.2501633672296,34.43981105712274,0
190.432800665247,69229.46194066577,13.555442351172838,194.2685055614381,10.797574188355405,0.01608396191459123,293.3855194978852,132.4826569631559,0
215.78025017951703,41318.0656935922,19.443149473500057,172.88697098845242,21.260217818493313,0.009001546261285635,644.4475299373094,90.05069144736784,0
183.1337418965747,36897.03250234561,22.008502972759302,188.88528970197808,20.808673950073494,0.00406843492661918,591.8071633615082,123.90128290005242,0
2332.8300753166927,795641.8045661824,973.072591865379,70.14449865089166,197.169838729327,0.1801500098306445,31.299662723166307,1.9290384723991192,1
1684.8804445493306,809342.9312735918,810.3646655200732,78.6994216953564,269.7903968312223,0.15338168928839033,132.35546783251786,13.825147398546854,1
1430.5071555185104,1011605.5104782984,613.3079283986975,101.2963559565995,109.53512144960555,0.1781627111123741,288.6901757968933,10.920847455095574,1
222.61669753215693,35580.21264359987,30.56385586030883,177.14735731496262,23.4378506040321,0.025713949969507696,403.0131977189059,106.8490846131322,0
1612.58583980321,516018.15451687924,892.5931999092261,50.497390556223735,250.92229572432325,0.0636573903111259,192.47626307602653,14.941361679585745,1
168.620623178154,45903.51071631998,4.5216716726008865,264.80323084203155,15.02478348504535,0.012228991630038379,362.3188999059532,74.16249726639614,0
1700.3900402953827,731413.2192288362,1169.6097581821107,45.30634091224261,441.45901678191126,0.07238265773203892,138.99203194083015,8.258984763322186,1
2736.206364897032,606069.4656483877,933.5911810589829,24.702790262373476,411.0007834108965,0.16037293701850547,145.2808556437107,5.881556454284332,1
1461.6817609979971,1013572.8270416616,772.119450092227,37.17975935915578,239.08317884582777,0.12356171212983065,20.0,6.57720951044956,1
154.35610066405863,51268.66976295842,6.909049476120144,191.01890443871136,8.603049560392519,0.021812267644149917,613.0937796255025,93.11932285735452,0
2018.004310196539,896781.8259655365,746.3562825914426,0.0,261.1767707517464,0.15741867392197512,152.41838291429536,5.661442465481082,1
115.85651141920977,59993.36332474489,7.405869332938666,180.5954350083038,7.020214201968914,0.004792682086017164,507.2777569941549,98.66448578892106,0
1303.4571726247418,814542.2871385592,813.4820539030516,94.94541890529479,214.7091197073867,0.09394289762967474,249.37676269162165,9.33837577419815,1
178.83508439779231,46054.27148130606,27.65955452726233,102.44989491985899,9.48931485368238,0.00664960977264682,480.6786979241807,138.32941909143446,0
119.2170830339661,47909.6774397258,22.5649197844354,148.02654142700106,19.03389915274051,0.0058161493038407655,483.45098053691333,156.189166006256,0
2254.5601741711716,619525.9541208877,831.0296256452862,50.88366102392854,255.75731930685305,0.18111975158517682,20.0,15.5082503358258,1
1778.6205946195344,620534.0579079505,764.223718046655,46.77491464007396,244.73860422787615,0.1919538568232202,187.36807858427403,17.365946981242796,1
224.00717016958055,54499.783413465484,32.328637433090094,160.4526972414815,10.079757384904074,0.01563398837662747,596.1027676619906,126.11482844480007,0
2002.8873826900706,780738.112575304,836.7938533267661,32.79998447098497,416.6540201294386,0.1470963510330373,228.1358214332532,6.155313970603381,1
192.62356598798235,48541.89541911184,28.719754997190073,146.84499348798914,4.413783439397365,0.0015937629283585518,539.1313600427346,92.39580367791467,0
1612.1369546529386,849497.613826555,833.5458335431955,16.78497206760356,232.87641889024803,0.18221139622714264,134.22215670178034,8.85955048340745,1
1591.1026663429607,1054365.789594116,515.9212286892222,69.67995965486304,183.84348667623084,0.21559361087144063,274.2622356227539,15.952036465828403,1
2008.006760873402,1105402.731825673,713.6341360617997,57.17404586996113,139.38943102095106,0.10122635143662458,332.13808605248926,6.132671035903547,1
1850.590420490924,708261.2244793368,792.6272194045947,20.943952308439815,283.4572014595415,0.17848057038123583,147.1117026485024,6.526337061638005,1
242.56427874223945,54979.22934269378,6.501325877042838,180.77309694669557,10.770161291013299,0.0,402.3191506925029,113.63215061646477,0
2445.180091876905,761190.56861522,509.49765659861606,87.47763314274468,347.5322872878789,0.12271522467926978,329.5349961857908,10.485088838114276,1
1683.3167844810284,1018792.5270945526,683.8241369819956,85.46720510230978,314.1823175119606,0.09206041895964329,268.5446715110635,7.203045372472879,1
221.72118217729286,38199.99221532741,13.98539188440994,198.81801422280682,11.122964379948233,0.007263849452953758,414.3884812969395,73.0860457886368,0
166.7245146355653,66835.86209538023,10.2838122698704,176.3872395897948,7.319575204776379,0.0,542.0200506863255,178.53115986951812,0
217.84355295747548,59674.66272925011,26.823925098127926,235.47970919635353,20.612799350746744,0.0,638.7721269670924,107.03091000299233,0
97.49139494844887,44193.48597254415,31.789545785916484,219.31664825847048,16.173230938523798,0.009369949841632232,780.4462492736079,166.47626252186345,0
1804.8148574609193,1031372.2800266226,1054.5641607458176,60.913548369498635,452.16579970469513,0.20108645365829828,170.519804531023,9.509356305820223,1
127.14220900721668,42030.8901070331,25.411308382180405,214.12930651476304,25.185639484799065,0.0,403.41876808158145,78.81499710570361,0
192.04075643099696,42253.48143737937,22.27162798387466,106.35855330828618,11.658747127727146,0.009604172850275514,477.3153273301542,190.0791641865186,0
242.8987940628577,56502.490055783644,26.619475894305168,110.62456950204395,25.76733963585439,0.0,686.2492172052373,120.63054759007169,0
1788.5867175399612,627303.5750888954,645.6332894706537,26.446055817359905,424.07332491412103,0.10895654943512634,160.5714669036891,18.646010598096865,1
2432.5895697422407,745973.7703323613,749.347134897461,31.231720443149197,164.17549271054622,0.1661001611769266,261.96800922652994,4.115399439759822,1
1781.5230195411125,787161.5290083792,593.5461430692346,93.94701107225706,442.54641732494264,0.14723407169823763,328.7044397845485,22.79365710990309,1
2421.60345602437,926212.4573201549,527.2472384340064,36.90532726086775,449.83341077795126,0.13354626154017407,278.85174346220725,8.522143967384357,1
1952.8775649836311,928446.3465433276,775.370718981275,74.17202418397753,311.0823524306912,0.17315339805379695,129.06194937338853,11.188610374119135,1
255.31443550299446,48353.48972456049,23.398085744904307,234.0672549144043,24.502701277170548,0.0061884469229757065,456.61663590916237,72.27455857158968,0
241.90632839471905,56578.880104331794,3.7807487316979085,241.7779791247469,6.644704575807726,0.0,397.70500718192875,201.14583349698367,0
123.21789650369404,65434.928560145534,21.515407957652663,159.99140564974948,5.765019114046865,0.0,677.8016076807288,142.98671361925366,0
249.78506929499616,53038.37425637563,6.9822026258649,182.63933207672983,14.058887393540347,0.006515139219731035,704.0493414324537,64.31613935024032,0
231.7575473407202,58765.4360408152,22.4468192548735,293.8117757963056,23.65714375516172,0.018918975755070955,463.49020239892457,131.5794906164501,0
222.83876187787058,61936.18571856377,38.16526996140105,154.66983190905623,12.293428222821756,0.001875988414434631,405.23229971576234,110.94658267871462,0
2317.9392819661407,882744.2093135508,1036.907849102876,32.33702516068482,521.1879640276645,0.09656144509572397,154.63751023394462,3.480292064805253,1
2117.6975378634265,764818.7901274086,800.9337791152097,112.28543569282243,182.83878856661104,0.20123065588604339,206.01624519603354,10.487911204642344,1
231.98132047489509,47136.338641348244,5.4301457921873215,162.08534352894156,12.104025077375503,0.027350739625142756,567.6225446402594,95.02484861706415,0
158.6885266818024,64773.93664974669,32.65159945488327,318.1618560897673,16.002338605381254,0.01649877973492567,556.7904313494533,117.1111351061103,0
230.98509827412394,35144.37996768928,32.28394368334385,203.63528293966547,16.70845442979082,0.01094511493367573,552.506410998394,138.49409842684236,0
1679.4428963043379,927976.4237426021,653.5287437970765,65.33076741223599,195.38443715148196,0.19314683029925656,256.4530043784589,6.704646050442484,1
236.77915462141868,39976.24254233782,13.310906599965806,231.52264281048738,12.410999986510149,0.0,554.5663722743978,124.34795600060276,0
1955.6124874679097,821598.1038967358,782.5558629005615,0.0,157.2212832020209,0.1343961590965621,255.40158726874932,14.083685870751621,1
154.8536410956487,53769.47785695372,10.58462397770199,226.78984723942068,15.629180276104163,0.015469595150160383,507.90998205458214,84.18076358085204,0
345.25335846202034,46934.34378712942,22.912052011314934,214.6546493994016,14.985001782647302,0.028137360703147193,613.3602358005998,101.74430280697607,0
2034.8043416502999,910151.0432707901,712.9288072558394,81.95535084867356,458.4405832974063,0.1594061121802911,211.65939192312294,6.188354071903198,1
253.36112082859916,48808.311626720795,14.322778567472984,173.38928119910253,31.20629538488393,0.026219241279552316,279.80314038608014,113.8690483815107,0
2307.874606649087,946203.3707417934,763.5298284950718,55.95642666351468,326.1849954589544,0.12109745397314829,227.73206934711058,8.771560361289538,1
103.15165336472923,43972.80636969778,11.234351758168032,156.96965902247138,15.036924870651628,0.03239502879643737,652.1559409502202,55.52766929594286,0
2808.8780227702287,814847.1833904097,574.3152634909338,55.57124112642912,269.2311234561038,0.21314749928853477,249.30483730010837,8.844470343194875,1
1630.2937271713831,555607.5795628716,786.1006090427013,27.507717779381135,337.11346027097835,0.12536783226086515,96.28163692236215,11.37171162613825,1
150.1376586199259,43385.83107693184,0.0,173.37398097263915,21.275792083523612,0.0015718772778238917,475.49324284066347,200.3477456115928,0
1883.1614547914185,868161.995887784,588.1024143284129,0.0,238.30889018816816,0.26762998415722855,215.1989664021714,6.136623972134094,1
254.9989825171042,61226.78254563738,16.571553470901634,230.801717357077,8.694381343264325,0.00547559660487283,313.58979678478556,108.55850151051546,0
240.35041409722353,38380.655936199124,30.656851747200477,161.1631435742056,3.950277701918953,0.020080502628605924,534.4831709477046,115.86552866724142,0
2413.6760383067085,898217.1628657122,1024.519636950914,0.0,284.5720723982296,0.07054943888953309,293.1634372034828,2.6512883242364262,1
2184.0668082781913,818019.0148866863,838.6219602909651,62.128653867943896,444.03950535999206,0.14633326254998852,65.34972695629807,6.214594863554961,1
182.1868014469287,56142.70438357064,30.08668355954839,150.3592568088442,15.128850968474957,0.004400642056384479,444.48282756502465,89.85970722286983,0
246.41484957842422,52830.685880099896,24.932677938390988,151.0170468724837,11.869597682138037,0.013406220284912099,596.0070963921601,73.71515783390609,0
207.12128680352825,43763.993107417875,10.923824938993995,125.55932288370121,9.794384320256047,0.010794960630914495,398.32404251614724,128.2057874923611,0
262.3974992529716,52106.6687772462,18.749555841401158,193.4649482650937,13.416885974690711,0.0,392.14072366632666,128.2962594160467,0
2105.1632810532064,904271.3641276946,653.9946224413877,47.94537396119614,320.45716497003275,0.1154749668793719,184.44421989285215,14.548167016926673,1
2085.9564987013855,626797.9004742604,964.1143196029802,86.05889963461627,380.8884976037567,0.2319781282615309,122.6208428631237,5.983751244775918,1
2292.784535354025,728304.8419195858,980.2717165493785,56.18369122351281,381.1493741973321,0.22348646695968505,219.84305615210602,19.462840979030037,1
268.17143560428497,52150.98135819036,31.352747316531886,168.44376476589366,20.181871212794896,0.006672433016701253,364.76669807636017,145.4325304875507,0
1936.5950437734105,851092.4187013174,1148.651674973938,70.1702554646487,415.5079972198554,0.06741973878945422,221.77976653020286,8.552947815009158,1
2373.7257918937216,1001469.0832600843,1257.594874946939,91.81133446451955,338.11000946098596,0.17562793467373344,225.7239488820813,14.000253352618316,1
1729.5788788783059,601233.4419314361,924.3204755037565,70.33716682667645,495.7128115638086,0.19134514494362034,39.06622083657044,1.0,1
2367.5385953657997,866161.3520256743,1026.348962121199,43.48472016007695,467.83288504619514,0.12892500900187276,242.60858270350823,12.280193234493684,1
237.0007118152168,47291.063729290625,25.547965217253136,165.21197019164902,17.237103556011892,0.006996820268389275,705.2019623763294,169.33470200322176,0
175.86049206376777,55489.82874076911,14.891654409469844,161.6636690178737,21.87374341615327,0.0,520.0050529063935,117.31968254127666,0
213.8137089664277,40150.05072275558,14.233015110724978,227.8651147594804,15.55090288890679,0.004632619396566971,381.4925956696744,65.47397945658973,0
167.29267799661017,49165.512167734065,32.07425028311201,191.27234194734208,7.643779825465474,0.007623163615947201,281.37067543730683,129.01314685956814,0
1953.0208498910652,609328.193516139,604.285291827009,66.04676335408638,267.1431504124379,0.10424736221565994,231.37693354622513,14.530387866880849,1
217.58782041996017,36397.416337106726,17.286235070682753,246.56933005990552,19.45454907464729,0.0213138676195831,583.9709936559967,140.71616752712532,0
2934.398381578907,824707.5904955049,820.5769014452799,18.410862526535883,358.9379949666331,0.1552518538013921,245.13975197481426,10.682608913092153,1
1676.1621668177686,766263.6602227087,791.7316807289797,45.44047205615614,332.26224295159244,0.13123167505607744,294.0480270584681,15.080297656757754,1
201.09260727617215,53760.44369622611,34.359940177677146,197.79768250178486,14.743285708275153,0.0,483.01829639049265,120.13143137796368,0
146.5123794355155,59738.19071717309,22.306723023806256,179.29608282977446,16.679228364429118,0.02092871618092712,566.2213381906387,103.45188079916709,0
134.15848944708793,38056.34519275541,27.70698782094763,253.76465653577077,13.067635636415456,0.0,443.7217595318289,162.3921769972547,0
141.4216685587329,44067.79815129641,43.92676723018241,147.56444224765644,20.09753530100662,0.01241139692000022,500.77383344216196,109.24592114625314,0
2000.3094836938967,746539.6489623212,931.6678924823221,39.5189268344087,215.32037381531103,0.25867431684466874,265.4344530185763,10.74655926070952,1
1940.7175654428606,577516.8186655726,614.3218686421883,35.98922314760717,260.4251753941135,0.14970045718932218,82.86727203684542,6.859205579974894,1
1847.3842734199513,780663.7585898751,466.6656128369218,22.1823906618872,344.0413687739796,0.18264646233888843,227.26559905259336,4.18002147834995,1
115.6332783020985,52576.40420921161,30.906599360881323,231.31171424410854,10.725825415336082,0.014644499574954208,414.26542474458256,103.4787469994218,0
2287.824732639174,1123129.7350035405,1181.0298544097636,13.195540157502833,377.04103507492187,0.1727139726927259,323.60432304083224,17.762360213276516,1
159.3113635876061,50865.055419214616,21.024723671031566,174.9098676405885,10.941999744039464,0.013898067205385226,432.223029927118,113.08113814940188,0
1918.02102281078,804038.8852622061,832.3524792471819,42.30117393637351,356.34742829724667,0.1730137856080357,182.2798810888924,14.040120064059742,1
2514.984905539389,752906.4125245619,828.9938740615655,79.53568918984661,391.59991477383437,0.09282492963544517,146.520521448549,13.865794636267658,1
255.72962222886883,48213.4483098611,27.861992686529142,172.91945655694252,16.624388122034134,0.005464484226943833,485.9864871571994,135.63412084874233,0
1518.672268251809,960021.8039400129,819.8019245404686,6.168970484302378,315.6434668353497,0.2047588723205193,275.1772549442595,19.051769408087793,1
121.82610260656558,43839.50974443875,13.332491497931443,204.52176839083145,15.374906089949182,0.005624266930158707,432.7674399852179,67.17912026522002,0
2331.03810942537,578535.5303133732,560.9685638442547,73.36832575318478,287.25450181622335,0.1756586394892452,222.9770664903637,4.649574519990189,1
1790.662232689761,789044.7215308261,973.3673954322694,12.574715418181285,351.1422567725868,0.18306574133065578,258.5847841591145,4.280715347005678,1
215.23585398772155,36774.58866708321,15.539306215411663,218.72982369485175,15.126314155491952,0.012251167270384026,584.6736244191065,100.86650446034557,0
2030.309931207543,886386.7501869765,1028.004422408656,96.87974859281911,399.91091503153615,0.1405614572436708,236.183766888968,15.181709436839835,1
230.7049588556312,41099.79250236397,33.22135894078477,160.405911656434,13.360544686843937,0.0,440.14492652396666,89.79594972834505,0
265.1782533904044,62910.29055184135,25.458788377391453,147.7301499421763,18.583155332365777,0.015823526073671226,449.28083568691517,118.69491909964367,0
1847.482637047963,634515.9852665707,746.5842219803347,81.9143502987652,226.81070440538534,0.26278719095666536,190.98243166203085,12.607043624567668,1
181.84730767174642,29858.974051347104,22.17440415303261,185.47096469266796,11.858400073057936,0.013621249759426975,624.9052167986167,127.77008612615087,0
2093.836187292177,912036.2926575214,867.094940438859,67.57614970632513,408.6633815466338,0.16018731144880657,287.71953726068966,5.729731154189668,1
1764.8143853015608,726421.624536099,636.7983613079828,130.3948458924673,178.3131406606238,0.03497945139960315,172.54698394134027,6.85590565032304,1
319.13011413420367,57298.2878901553,19.910661321080294,210.64735867401137,10.591861587618496,0.008626470130804772,458.8665767729702,77.03450611040384,0
1700.180034413899,662106.4637434611,749.7490073412639,80.79803988506816,309.96457668619917,0.18140289213711133,299.5766132666187,14.108947119665435,1
2248.3189756589595,626522.1799250627,1129.2420400916747,16.175437904899688,472.91532286863514,0.1523297083553017,264.3347066484806,11.071707597537525,1
173.11687115484887,34178.32983873082,15.786627253543006,177.64869393676932,19.810822715731224,0.01571449225516344,522.4340455442775,85.53517964303224,0
2060.4628926716146,638710.3847808708,906.7552547717014,94.13023740469146,344.92593740260236,0.09065334646495878,247.63122357798127,11.034985104448346,1
286.4497670442852,47641.657561858185,30.642094888580086,117.81159707680587,19.322892256429373,0.01518184882784502,507.5728358068411,77.67838394482837,0
1896.4833801649734,753725.31042457,499.87897663575325,0.0,258.0235470476964,0.19208390680513657,252.59044199451503,6.537872242900155,1
1574.033512711624,797689.4094423973,1068.036513378243,82.10731181111368,437.0558521404698,0.07486595240216005,254.48252348514092,6.6610137286715645,1
165.58138588846202,44715.73868884474,38.309542887565655,218.9863076280081,21.649366242092157,0.0011702809388602561,612.1004406916303,141.5115266749237,0
141.89602436328565,51299.29854166074,3.384950802614899,123.13090611850149,18.312990752126254,0.033457330389610074,574.6100334544903,128.3367144745513,0
226.05836278660564,46876.4455834413,11.444735470914242,237.19149809881674,6.744111204722344,0.008187801736945206,445.78147315906614,165.33253078232838,0
119.93610314405731,48806.33800723123,23.84768544204993,147.76328885529233,9.613860627626206,0.015118959120492432,611.6632656161606,107.0549903660604,0
3041.3471107230557,597674.5519374782,1197.081272222305,50.69928944164875,347.9320369545288,0.11241816010869451,107.74857516230128,21.090535038372167,1
2212.265970210988,614077.3117845455,697.7433752758509,74.6064846464978,405.17220901954965,0.1630527697030044,263.44175093207355,8.90300695143088,1
153.31911599950615,47488.974119630875,32.17725187451136,200.89440855337875,25.531201488516665,0.013074107664940236,495.5242358764205,74.92806568960236,0
2835.0856145180614,754622.3579278656,554.7362321405456,22.38507956563623,182.64290014499852,0.25104208565197805,270.2527151219603,10.917491623029678,1
2500.1880160924284,747201.7831239416,905.3413388977787,57.93015405134003,246.50370450625098,0.07934967747956166,116.71815015558917,9.70530806064383,1
177.05797534253497,34387.970778111194,21.540799921488688,174.78423044321877,10.070625125037271,0.024933015621257555,361.7265105571722,51.82517849069511,0
1868.8800799936653,839800.4248032732,1143.0960479360492,0.0,365.7731722152671,0.12304561529140916,345.18034351590507,1.0,1
201.54586390163496,55651.533788097695,10.854237216726487,186.82607767000206,17.01157695678308,0.0,594.4951525169213,71.39801891704508,0
2004.556725000191,731217.386086114,687.2995441710302,39.60680483730966,210.0093290789245,0.11914079416240934,71.44731109900425,13.208191437639513,1
208.13765325525029,57957.78009744233,18.453892413800908,162.82109416421994,18.331436412565722,0.011554642443691435,613.1357152253318,66.2669425215094,0
2104.5057550116767,676330.0926780883,911.0168499192116,56.9643136593076,399.49691941604686,0.18363906398491886,62.278180720481856,6.794209240950709,1
245.43006799460557,61589.495823769,5.948356393230396,126.23054411933074,18.88564229637764,0.009824717517178226,521.5104234421464,145.19127297141117,0
2063.9644957270057,593721.8874337595,483.05539635741576,82.83752947452157,338.9086491234604,0.11546550298626876,198.90939472561539,5.1226496664922125,1
1890.1301343016248,697510.1137714214,1037.737730321874,33.60618156414128,138.04969068714536,0.1808053886748518,38.19516958889443,1.4241699858568975,1
145.78059638833167,64011.86275033896,22.114601523639173,171.5712408369295,9.783249081913427,0.01758728020654334,520.0399500480293,152.64916326695823,0
179.23213699101572,73098.44422090078,15.128864391848218,165.3328482539791,24.446897730086768,0.005487691110935728,314.26131662850855,89.16535311618489,0
232.66224416406135,59710.06335959188,20.89508999763814,172.19982489382323,19.48597209016531,0.01837853348868137,434.927876924377,134.80781828200818,0
242.0910033445031,49870.61231896412,18.362358958777982,248.03171033713267,10.217520932118187,0.011262811372375694,545.3080074687763,60.13971088824402,0
2031.2122902080337,681120.6990060469,784.6694160306391,18.878419980433893,462.3054238683553,0.18262773512067673,398.8777691673642,15.040514301320723,1
99.92271277806606,29452.386923247064,18.459666834241336,175.80853385408756,18.316077201282475,0.0008996111079885242,377.481574266885,120.02632832892024,0
2300.126235726772,965553.0006427239,686.1268792613838,45.98494297692394,267.6031287618771,0.04389063927442535,342.2487791500439,14.591361833191632,1
1470.8252228387278,807007.8867176306,629.481631321508,21.771788210211056,63.446578060573955,0.20345197958144728,381.10722154157213,12.282960000972135,1
2506.483511237828,521403.01044094656,956.8169093167209,85.2370136224143,421.86435890189557,0.09958203143287299,203.50751649707954,11.809948397659188,1
2108.4665187347105,633448.3960553576,1024.870032279739,15.635332598546498,304.6297259277339,0.18926457263709406,133.731853217759,12.38581063198668,1
1913.9625154453427,526787.4554948264,667.9103638784968,53.7655886164286,210.2196254968025,0.10222678716229106,373.98173934533474,14.826936653631465,1
1976.1489470438344,659876.4706637011,883.3802478167678,55.22156720126134,135.16673592966305,0.19456893861124042,88.74363359851401,9.621918226099542,1
157.347803621321,52975.11071185555,14.642851272305998,178.4435986085513,14.670983394639078,0.014109711090300115,503.98317682231345,116.49268310168371,0
219.16885565912352,43058.61438854334,29.75984050294052,182.4405942165682,10.620377929591324,0.024631735002084987,311.6125038062837,178.82294956898454,0
188.92319421345996,45301.634915012735,7.064951406616242,193.44992985409482,15.855569492656354,0.01801357236355549,387.1564363695279,127.00597669543095,0
238.86687880308722,48857.90108222163,14.140817895484151,105.11377990266416,14.910756808538041,0.019265600692170586,533.8480613689032,125.56919686638405,0
144.4447549541221,38463.25083600239,14.428294729469005,197.24217970398604,13.101320260751834,0.017952302186437133,622.4125435835174,141.09829236587947,0
2361.635583957488,1065318.0888047987,1089.7243769127847,34.96087014949136,425.79734387179496,0.15281381570076086,224.47231850253345,3.5768744019257603,1
129.3617058053817,45444.721549965696,15.505165702302957,143.677502706834,9.775955528467064,0.014214507405553377,697.63887368312,106.01098802748908,0
2405.12366168144,972455.5674451733,1223.6857022387956,46.761866102197814,238.29251460219604,0.13210768154044836,338.00263536276543,6.037924447872173,1
1616.31963992957,815247.6873381963,372.96088038264827,108.19100453082885,399.64393121627114,0.2068591696952983,254.1190366548908,19.859189625418303,1
2489.076593028357,669110.5954679505,670.3837442932795,91.08183490634039,207.31456352962044,0.16135001005824173,174.62456061082315,5.045404461177384,1
203.49597904974127,42018.46642245166,9.91034022411747,143.31669791158774,15.833675848166795,0.010528513098689489,257.4091595065331,103.49627400356802,0
191.69210790251338,49719.82215104256,29.10101494939771,221.57014438536243,15.756734668283706,0.009698151428541473,636.0718887540911,206.8049657172338,0
185.0367648057372,52453.710089953325,10.910023054862826,134.08388499239965,14.209893856265795,0.008560278907788694,664.4036315364887,112.79461479529738,0
1652.0518709756818,599335.2610705278,758.6895825590855,27.154680240764137,333.13906685180814,0.0408592327223931,72.23143044652349,1.0,1
215.69541057287768,73869.51799573922,5.31360569684708,189.79756908177873,17.615997236348754,0.02288832392310989,421.0835300727594,181.11884714892062,0
1973.0515811078606,701168.9783166589,848.3422444766409,79.70931142469888,277.3974984920774,0.14375104193509874,229.84520670497852,12.00110119635261,1
1961.0677161845958,878063.112395059,891.7979798548058,89.1377752237992,231.93311227501573,0.08313407434835736,190.3210601928732,1.0,1
179.41252911576754,41168.003688448756,24.90606902455888,120.07558633407811,15.605189698317872,0.0,529.3320871685509,145.42023872611992,0
199.9040073411827,56774.848420913935,9.804154918325569,211.659957283393,16.608956845242474,0.002796519626406515,503.5370614347443,135.49416191977673,0
244.7592490985843,45065.986596173214,5.934993729877673,186.83753484513198,10.952412714347002,0.024489340247508536,477.6017836254229,58.932175379121325,0
87.63657223295722,41983.8115923155,39.721959519438144,170.0051096365776,8.938949881266169,0.0,576.8483737340598,45.922225911515525,0
237.16270856017212,62769.80832198043,20.701131587332164,117.7664235334026,15.937338360862638,0.03133160518003324,609.8767622362973,80.52034577289848,0
170.75629325334995,55306.93938024733,16.869577140737945,277.0667103492548,11.766205417602144,0.0,563.4062356079032,74.62164287015963,0
202.91371654677232,45964.07881480666,13.30318571927797,132.324747562325,18.050652518985547,0.008994911631858015,336.2380697055802,87.4395882048502,0
160.67171124479157,51113.50429398111,12.492753817348875,192.21313149394769,20.657121852513647,0.006817935278674154,556.1844418238572,73.03966695909428,0
2262.7534044961567,716664.9205360219,812.0472345870025,22.728040674866403,294.01773187716856,0.12184114188395988,106.18674325865483,17.897970844337618,1
2387.6143517414616,1097389.5553229463,398.32431262213686,29.20754648602542,203.2841483323711,0.12346630382944467,408.47890306874626,4.2004878111123345,1
151.8180777815598,54530.18756312172,13.435138931812762,153.6200921530692,17.94980422681452,0.00534251991594637,579.6050617486328,163.03077974828602,0
2418.412933020545,841797.0602646165,634.1712727667666,61.97177592506652,84.90954324960893,0.21333712457686807,331.87895107866177,9.462480003851857,1
1438.8040059381156,982492.3188197917,618.7897999465979,16.19080482863601,430.6558440987344,0.20366864100653148,93.63020425663741,12.779667378028519,1
1985.8661790824206,798496.1222019829,424.8431767845689,24.083708751356586,285.6973730217091,0.21168042829174413,252.6620750883599,10.20461325327898,1
2473.0899442869636,446660.69684209046,467.47428861018545,94.25168141692834,339.457089154616,0.023729635973880808,241.10134624720985,8.396236220130087,1
234.50522123820062,40301.996048849265,13.509402469587206,190.0979725836957,5.883414282386051,0.005602041505105926,594.5080852617978,159.41015637037958,0
210.13875241261837,39224.38671132675,34.03470384767505,117.39486421998396,16.043209532435036,0.02680307105978335,490.2540874486556,81.1790712934298,0
242.83969912832634,53415.08685536803,17.55671144820471,189.38382323573748,12.840203121730417,0.005495613621741467,444.18482141042824,111.87771331725351,0
224.10334177627627,56785.23951400028,24.352539571710636,193.70588796779214,22.384043155991037,0.018117590984793583,421.34848860009197,180.51546699014142,0
2337.9520104932553,887263.7454531442,998.4916552012982,63.64462926911029,347.4041667446385,0.16086881619694576,187.6746513418149,5.376336501445059,1
1870.0627218512554,900321.6350715982,882.6465646007847,0.0,203.77374261911035,0.15848892313565494,283.9265628934611,16.017850230100795,1
213.51716196408628,57715.33259761919,23.31541695133693,219.32959877781616,17.474656522616492,0.017342234990261364,653.0397801453909,168.58735395571728,0
162.89039530012815,32907.738960898445,17.16836671113494,187.15566846820724,23.259959187216698,0.0,386.59313605766727,173.45810766732518,0
244.71066642567047,47479.37184596644,25.64917281272912,152.31940203071144,9.725788328407134,0.02535907049242632,414.6807823723155,182.80790882358684,0
207.90595424525546,66042.29104685014,8.750706448978454,145.80060876366474,9.227071927868376,0.01676137384776858,426.66056653219505,112.87733613439177,0
2257.8899016256833,969934.2757837044,702.9622637665717,0.0,319.80391602407326,0.22631616961238774,96.8919976096695,5.187935754555327,1
199.93036742783255,39560.559285313575,25.262020181238956,132.0239269670386,5.1066716655532165,0.0,470.38544078091064,88.680644187265,0
185.8602125426215,41491.803776173074,17.448358249785457,175.8965621516568,21.01891076512723,0.012092024924866409,431.29992660860916,149.66359999370178,0
217.38542262254785,49106.79597299265,1.564525825412904,171.21624042964962,19.362492510715267,0.017111501569345242,520.9682634308948,177.85259591735678,0
215.97001318956143,43080.6630382539,8.616732730390574,219.24291194767332,17.850170980420113,0.023749077114679676,425.77333628423554,101.47327181900174,0
2120.8853854319977,830772.0063362627,874.1368685982312,25.267898888411988,163.92159046473128,0.23055969677181107,177.67793972093287,6.694612340902857,1
2009.172140227045,769707.7052591728,751.7205079066637,33.318576474975,179.17784720168498,0.17240406734875283,258.44171450310114,5.644501500657792,1
2231.923937619283,1046422.6501772704,910.0826379382585,0.0,463.052189656592,0.10390649728182906,233.7943023414397,13.600382830397661,1
1981.7145710133263,593210.2418466978,849.460577819291,72.85811709445399,519.218250215629,0.2151082136522938,42.24770849192052,15.450778174435102,1
1457.5811165061518,785329.0616068769,782.6156125945713,71.70992644225747,375.7967714684512,0.07458139571772977,315.7490454144691,11.956300776170645,1
2235.002636095691,690224.4751546618,689.9556497126421,63.891738812676294,247.59487728816345,0.11899713049399714,97.99858403567171,13.028404450151683,1
1819.4817316266485,730432.6062767308,523.1187736781961,42.74343405082671,119.72875829671733,0.19484182399279412,375.73542050643573,11.905240436997483,1
1494.6989528749207,805680.7444384967,808.5126992907836,39.93199610036268,384.5805323745075,0.13680588367818702,188.37384321164495,18.841736957951397,1
1755.0696442785209,731756.4128264087,1202.8780466403914,11.58360267237886,264.5072027414082,0.21051752162464724,309.85416671433484,6.146118631725406,1
2397.771187894622,847824.632655631,805.716353909889,0.0,393.8892608723679,0.2069311791423165,273.0524419500833,21.695264977913133,1
3225.8912151579107,731501.1527911415,389.87344592869226,90.79387433914235,398.36535952108915,0.15887585472035448,139.4567357624099,14.097937296863572,1
2254.860966124195,670428.0171229506,628.5165107296892,48.92800795157929,493.8048097086492,0.16403588524937324,111.30327972300437,12.749349922454485,1
2693.4092153768443,819726.0431679268,837.007209473061,37.01430165691062,174.03116933493075,0.09387674875819421,146.63899858425097,12.146598662132874,1
1921.0312329341468,955541.5115376427,642.580827810141,88.71594335658804,295.93684100415186,0.17904391571322728,240.48472163944277,6.475270265315008,1
2646.763679501605,956211.3511590394,544.7655423222802,77.26612649853399,313.4591729452379,0.10632095098354098,80.03454351903542,11.150727220271873,1
1774.204510610417,969894.0985539516,795.1127530267356,21.118251278182086,301.52823791488265,0.18567313804876043,20.0,5.516161664907153,1
2295.1490362528366,788919.0848688356,1322.2152456818526,29.580448575811854,313.4783977826105,0.19551973599090455,253.56918081834843,12.573892759218404,1
1160.5912900373264,902884.6039765105,810.4186902470249,91.79390287548604,348.12486200590786,0.1996396162727192,234.51201581440154,1.0,1
2386.4592123994717,987903.5895560137,603.1316467572456,38.30696511568535,324.44706063689074,0.07766306435033314,176.79286027187976,11.500428879733501,1
1687.0570127930557,723803.8644137725,759.221808226677,58.82730671802972,409.21863288344184,0.08082505434654409,314.602955709658,9.43846586815125,1
214.44583335843535,57770.72958990898,30.090998037340057,154.35936336049747,6.330387983851688,0.011624060508427266,493.43534551404235,126.3886553758216,0
184.53267301398807,47819.70871895578,17.199313731191246,183.18690957070257,9.505377172047288,0.0,615.2582578901392,121.18898647316088,0
194.1559906795738,48852.220509980776,23.632630792475307,166.37975619872645,14.000602064508461,0.006574791513006124,512.736730464823,110.30154410704988,0
168.5966958137313,65902.1880562178,30.16977048237856,173.4062247368094,18.854907945965742,0.012475569846887942,415.0358964864115,63.518419484819404,0
1834.9074162209804,708759.8637931253,1085.3948327328726,65.95761653358602,359.4588508737984,0.1563287901137585,160.02750415320352,9.99437050301684,1
213.61848776371198,44381.9345647441,22.07750597614124,136.69172710852737,12.608614309959027,0.015147842369624097,480.4950148795568,13.945420804744117,0
1266.3804251582242,762699.966183896,762.909102985539,5.377809846403039,417.2237134863775,0.07783978474569757,149.66951592464054,4.004999825265908,1
1091.1264798256593,972157.8560157767,1081.7896213163922,42.79624238655505,325.53661176805593,0.1316293555448914,118.53386413016452,13.108565316612802,1
274.7470655617198,49614.61738156588,13.954013838204592,256.61738766291444,11.781262873668748,0.0,428.0596180313025,97.34232448012818,0
188.88886514506135,52700.954341972865,21.455148053355952,165.00819700839668,17.681507161041367,0.0,697.289585478048,127.75363177642039,0
285.93975015249293,64794.62143852193,21.770493475099126,169.17304978625222,5.801725050987677,0.0,612.8824462922505,89.39151821647911,0
282.3696998801665,53240.89222320047,16.02516665070569,120.04418881559431,15.211906143480629,0.01189836394352477,403.83060012464034,101.15559962213204,0
188.38653350378823,54222.890191253595,13.261483118194395,151.83360249701937,20.73688840899905,0.002429704341495336,586.0089514266075,45.50892127950101,0
94.16727755147345,49302.01214237862,1.5587954883247512,152.17283521933265,6.5676164690492875,0.02059118660208185,450.66622854000286,83.19382594513898,0
1820.1333843128316,917328.6055941994,1018.4120833560186,32.549058176912105,334.13860830560753,0.08417190899789599,154.8578030471885,3.170777399390497,1
2503.590998228841,872633.8861629342,941.0360651940166,87.43225615584164,496.52789446507836,0.19948480239524707,331.19575142596375,15.729747506967513,1
2257.9059878291955,569513.9231465368,861.4099316729975,79.13374515357658,338.06909685166613,0.1481494689755962,201.65585522099406,4.960194889680568,1
2512.5161424678827,1118064.9887903207,572.6427017892591,97.37612630110397,199.4256764105026,0.11590934673422862,259.20670828659746,8.602662657803148,1
51.77355810791744,52368.26116788028,15.911009097912105,165.93282481557935,22.5607177906096,0.01163070207932701,509.10899667850276,184.99944192709398,0
2275.364421555514,850459.439844331,857.9960996986994,113.35537806441701,283.1995581951073,0.07157817758900199,186.6606768381325,9.649866386931993,1
229.54531613966773,41967.59908048295,15.301347507804273,101.19939872113696,11.196935234947595,0.007650705717517277,477.4527965299762,134.70812916718853,0
221.98183030084968,26556.56691581126,20.10802084856015,135.04112950282263,18.082538712339016,0.024855214886442982,571.5727281074772,185.61131243019994,0
94.60233291112785,39003.41654155659,48.14447453266162,253.58008011290252,5.548138761456208,0.010418544757824777,590.6010427570609,73.26712340565595,0
2754.2766663142356,649739.188509196,1100.1149288709914,84.94985821788555,337.0902544778221,0.09905696164666436,137.3497523954182,6.508298507138344,1
184.41268345887764,50945.925329577,14.170061163359325,192.9386020380244,18.29455292240436,0.009076417931621212,370.2137029007839,75.19255658795686,0
260.7094914464251,52054.1052696126,26.155852878612883,172.4502314795509,18.370116011580983,0.006007089382500938,521.4859888894792,74.00101469218242,0
1475.1561876567516,829546.9708197865,825.275910877851,55.993080039673806,170.06333207595225,0.23723702429892657,77.33161824980697,8.688694304902562,1
183.03707580579925,33849.49109415212,0.0,147.0150971518155,5.77060562686588,0.0012744089091843488,371.7455370296013,78.66707348245976,0
2052.5663992782856,653192.8445870633,862.5882672979924,63.76025766271734,384.79217540828427,0.11567569292567076,335.06438602587764,16.180399541638867,1
1906.6927166189732,705932.3173502432,901.5266849013383,50.382874359605744,311.48560382862155,0.1392036605230301,206.8426049515538,17.92103493688916,1
2006.6007029657685,750645.6954795001,854.892707761709,25.430494158477977,270.25089518008116,0.14737363156384137,202.91614215194954,4.0766009990423,1
2411.247638390444,986463.2911396838,523.9435211692106,47.27714169584693,157.6599895357988,0.16422908727755584,288.8540665457845,11.99427175706441,1
1805.2837132966492,910402.3164714942,821.565829488171,6.929881151142844,236.4719750134861,0.1790890221704811,153.5996084028394,2.5558571932748473,1
283.394380555976,47006.620922482776,10.964655534237277,199.2954494932981,23.788832333404113,0.0016296634677610885,711.8209812430197,82.3900045588484,0
177.250825982961,54048.55087635709,34.73413081441756,196.81448503370495,19.945323106877698,0.006865741673164059,361.97573566888366,41.294432132324005,0
2330.21016295163,845986.6306496852,623.9624101727566,88.17599401959876,292.83359447631756,0.13948960593400633,129.49631591683493,7.143531810659575,1
251.50977015763655,57494.57015406564,25.68444305594613,110.05927882065906,31.040804569582473,0.014349196795199463,357.32965550005235,101.4398245234643,0
158.77593921543803,56181.90714665301,29.95539328162682,189.4935241517539,21.002101999551,0.0019275619454058382,683.7745630786756,159.07930922714525,0
890.9785559785189,559386.1997467156,707.5084123931163,111.08888006782527,208.5283814648671,0.12659191323868155,218.3205920835818,9.369179759754918,1
199.39576746058663,20828.401193029338,27.7952942077145,189.83789237584682,11.900231680535747,0.0021792212633163794,330.85559022981465,107.8722658648099,0
233.2692554486393,51697.06545142812,28.153160721716333,208.7339154757665,17.796850336536792,0.012188193710468004,677.5698032365714,131.0312564770336,0
246.5786506437122,38730.120897991364,22.01344853214922,216.9879678707917,12.952672237438163,0.01669823420916438,455.9363845613603,124.9666092853352,0
2292.492160752097,610333.1983566103,648.4438865370076,80.97819038155635,284.9842962508686,0.1152777252183396,292.4421032839607,11.456079606584447,1
102.07042798014845,37138.69963291209,8.68013559923039,200.50379973724912,12.459395037921565,0.017597569730181433,413.13884095577157,164.14659483019054,0
1764.5127575388128,855533.3279283745,883.2303114548392,40.92025396970587,387.3176428016603,0.13258696898776184,254.29127575053727,14.165299738050209,1
2240.6885490422537,865247.6903197691,909.2554473127951,64.62817170946653,101.12279565850636,0.10278710249745551,245.4319621702524,14.07718250639417,1
1414.1681959799337,931000.2969068437,895.4107338836411,83.46096505677352,206.0826967903888,0.2056816555581691,335.65496072598967,17.47147105262465,1
209.0181971513199,45733.95016940901,22.414521596024294,150.27518369782197,20.934456722995403,0.004532215777357762,517.8611840894783,124.37996502243787,0
205.53065612893388,28135.580212494326,17.472776874269414,155.64596367418568,15.648911612309217,0.018504872032019087,261.23577915091084,143.54280062550856,0
1785.165552152605,1066306.8941154971,745.0637142090764,46.465540865280545,289.135782595485,0.12386154009610902,200.19247080482322,13.549093116306315,1
1546.0239864788932,782461.0937332013,733.9852873944365,45.289930616837445,276.1221217751341,0.1046447031148619,196.06008419109074,3.8633045109702335,1
1895.6261506418723,926874.2485724861,688.6301416353728,78.58026755180838,261.75166017321766,0.19130074487477491,178.27261681617722,6.205992402388247,1
121.95208235027786,44190.398114685166,15.15010275738276,202.35084138951035,10.087723706662043,0.0034809091198017986,443.6223021004529,151.2164383291464,0
1379.3639990009679,761623.6314275663,887.9482791206357,85.99212156928189,294.5845135777464,0.14458557754357848,383.16297958772395,1.0,1
125.24695848863975,52036.33178709801,28.085477496020182,171.2135331224577,16.98664154131432,0.03229795115194971,565.3501321538513,85.49318725171759,0
1843.857118716297,875396.652312952,636.1435787799369,77.94497464327226,308.9760875219721,0.09801159254642551,312.2161031785999,14.887152503581692,1
2401.1639475792313,842228.540763939,898.2880589728943,78.18353917937931,281.3529923381548,0.11046866749848544,68.20905495352176,12.722219567544496,1
2735.3249518747143,836492.8197958091,1039.7303179703777,96.75583248605443,355.8091552723642,0.1441499224264018,143.64516164786687,9.33609380731939,1
2054.487719682341,934524.1360848923,1042.6667965885238,66.10422887786753,382.9043065021888,0.207124914146305,337.96027859909395,16.410839409731793,1
257.7656018053348,40697.35312729949,44.5824360573656,182.72403853750876,12.093407590173975,0.022555773659193833,369.7678594899968,97.73326564359658,0
2209.061924345768,779733.3805504282,729.2368305040666,46.01263507600765,234.69156367102448,0.098633232189074,219.86534716444788,9.778437822889575,1
230.64826902372994,61230.94630441539,12.003425777023558,259.24799994747855,15.90479978710566,0.0009368850704949486,544.8473810073232,122.24195785182108,0
220.63663057979943,55595.40370616166,19.83163276266574,229.07763505743756,21.4192256341465,0.018546730864913045,406.2850793486866,188.93643027753194,0
2227.5822425495735,744841.5068786601,653.3707503872294,54.343636628127236,332.6290824553823,0.17132180201299463,253.2375341800804,5.105956818385505,1
2091.5242367754513,641089.5084512006,442.06519552237586,37.643851739189124,242.28309861768665,0.11561496132070867,278.15258113218397,15.241164576950087,1
1968.2014497220584,691137.1457626956,814.6442420933988,40.988017011166406,319.3395484361646,0.0894049512663117,282.1589479537563,12.40124097041794,1
110.66462443159611,50878.676370807276,18.84196490028234,133.5239911360075,17.30573195679918,0.010651690663642313,441.52639227655413,45.463074061084626,0
182.21508422144828,43057.36237751931,17.676327606232288,180.84794574049462,19.34236160750598,0.02199554469825827,487.8255542889087,113.81792435252295,0
2241.0507259519004,804519.6543877451,709.558921388468,18.361273659987404,154.6941803650311,0.08660102692553512,20.0,8.359322360800403,1
197.9618736932283,59595.90525750074,24.69360659620774,210.01694217614306,16.697963116275922,0.030832109590590344,564.7860817486506,91.36104301097699,0
2345.7635410674975,801400.5076814702,1003.1618884371735,70.27855882847122,221.4603964059802,0.13749562021777445,158.21330606181027,6.403833427264556,1
2691.949557830649,1054074.2191433078,609.0230777385026,34.61860831596654,224.16464899970896,0.12756055419202927,155.29398092269327,14.503956287445169,1
153.67334444214248,48167.0244357274,14.288640856402626,213.8469385211145,23.067204801126795,0.008118573148619034,549.8658409621002,102.2792637304043,0
1470.295262927144,864404.3762589917,959.1432450771708,0.9209793888692843,340.8253828546991,0.20975761523558392,94.02642083373848,1.361260045071024,1
2283.5238061288483,760920.565430569,1129.2010653975572,64.24369456053114,232.60963114307046,0.1307542406377057,193.89978769439185,9.122782789083601,1
2057.3480680318016,909793.8093968165,436.2217209218294,47.131432498502235,336.28482466232254,0.11537167433603349,208.00728582628605,3.8952286087011547,1
227.77910443250624,59112.38044568947,18.258254377788013,230.88955447088392,16.914228544325724,0.01685048963650514,448.4253415375829,79.18684529423729,0
218.32657036186149,34274.717499975595,24.216168299098296,182.46441384757904,10.512896396142835,0.00580215622483184,452.9885744231125,148.80189641989259,0
141.87856099300348,39244.27713856984,11.94281833387208,194.33410604056144,20.742476492901755,0.017063801464245854,609.7186074156234,125.83441723298836,0
224.72783276614265,42499.982637514884,30.793156564321208,176.2443269392654,23.369872476355233,0.00954862619487155,473.3415115376863,194.0433686602728,0
174.981946130155,37130.925594636254,16.59103420554983,144.14219375502913,16.011590902791774,0.01078470078177012,524.8013510714226,103.42971903380678,0
158.12682979574038,34079.86997758545,35.860038309598664,165.29618135359254,13.679620150040689,0.012852059263657576,559.6930992823095,30.317251194573174,0
200.5725645835327,50564.115671695705,22.70485386110199,172.0147270128947,18.593108126955265,0.016960047866482003,357.21663670866843,123.83230044623595,0
208.869805731847,60437.43397720494,15.25487066380961,224.70296787732622,21.372953326906696,0.007844366253374183,501.34018582180386,90.58210723040423,0
163.54580811281957,52369.4861154595,31.402094789367357,237.2439666235719,20.06948417051378,0.008434614222849048,401.9379189232578,93.91359851052218,0
227.43694094320634,41368.14337655723,20.51832098992847,241.1424325717546,14.78274682745537,0.006689494685279195,589.817179050729,101.678445504814,0
2028.837920335902,918447.1512183776,798.2095320455559,14.349617716471592,184.40739557772608,0.16331568170697228,260.25328492652795,6.508868802870703,1
184.1901147709406,33911.93290730028,9.76352238300109,127.23879265325951,14.193236478154432,0.0038086304252439116,518.450855372278,162.8741091461949,0
200.06699233772434,51500.81130345024,17.884533969194713,186.72823228445023,10.441568618358815,0.012119825497716119,281.56533176720774,92.71133124180562,0
2108.1118268941573,738285.9667060596,824.5849235614642,18.878026835994604,308.53825597038144,0.06288510045358157,215.48108184249463,7.165957264464642,1
2214.817013344274,949276.1124800496,887.0010755606802,64.35917949979424,322.7791300122211,0.09800467826622719,183.98506258094585,15.162810846633917,1
1067.5921215247226,701538.0622608678,844.2198093536429,45.83659542297604,222.28334108276968,0.13859554787563985,184.76547730951827,7.842666685682928,1
215.48100409545833,42011.942551070184,20.562056530891518,179.69094875577272,13.319376986868281,0.02441076778240017,564.4734291509046,154.77198183875402,0
1932.1227333735,823256.9384457462,1029.9623207730715,24.323482389909962,293.93196832907165,0.21507248686097524,282.64755352156476,11.984268446482746,1
196.98740767993564,57893.66555669705,40.63894535656668,215.4274261461093,6.754668343204008,0.014386681674170093,525.9169872950082,193.53151310674906,0
2329.6265902547757,420810.56321103364,755.8767326611224,62.58723264203014,254.1695380165642,0.1419597070332171,202.1248548784818,4.6425302611867565,1
242.0154068728698,22220.057192714274,29.052594014939547,174.31841567068238,12.435026254016282,0.02305010488846425,426.95337410910486,118.50706483801055,0
177.1764427887639,51382.0512935328,6.849708944622465,202.67882638334893,9.815030476706408,0.01625744543089588,495.4237935056861,125.08290649718036,0
227.42139604148997,40822.464625824854,40.314001647785034,176.23515741728724,15.026615033135537,0.006286133588125735,524.5523580995034,134.37949578852704,0
290.08709738735735,46122.12044450709,8.096565118316299,222.39014443272941,14.575050995316255,0.011671532875848413,447.3807254008129,71.5632865920143,0
195.7574734168995,46453.026970403225,13.916325040959816,170.51904507840933,21.52296042839162,0.02544058048000524,483.18079547730474,158.23394330452822,0
2289.60132341474,684176.2866636643,1158.8631730485135,26.63881910883576,459.7448306064415,0.06646449261788501,270.9777596504954,13.278224048917751,1
2493.2619705265347,781823.6792935921,836.9304415261721,40.31976387622835,320.8748367813911,0.14393440198042745,125.88200345829834,14.42534273322535,1
1749.998381520211,790252.8528514281,1039.7344394126733,66.3523596344422,383.92853589936647,0.10196464252622123,342.3248166285106,4.028905945449635,1
158.3481638601994,51951.03973142888,17.82856386923686,250.381890777972,24.0563384077956,0.0,621.5004019081944,92.55613429036792,0
53.47028120736121,59365.69355856788,21.775911169235922,229.7132153547296,7.494702831892427,0.017593337714584684,475.62500530647173,120.28377901302446,0
152.2187416299301,49452.955631507284,14.617009046833505,186.8009725701828,17.848539407613487,0.012738839382596822,630.8943156536463,86.98839295050664,0
1834.0744714535883,681239.479001042,805.5457358776183,7.1088863738836565,244.2581586017061,0.09893312240229299,191.79991714410937,10.193856651780163,1
1896.1947102071613,721331.8680756441,756.1019469850019,51.64875349017379,333.54626264296405,0.09742185027307806,169.42570268923728,16.904439080348237,1
2248.006885637431,863652.666382703,564.8789983378645,35.158035580324004,426.30245767810237,0.1709173661476454,222.47817654643424,16.67785872832047,1
145.33380710563088,60224.072253604725,12.594841794988803,182.3637333210007,10.031575400786675,0.007752682457866785,480.32320111824635,176.4877351333165,0
213.3855731171918,44732.846080537915,27.87482704385525,205.27218796847717,11.215450636174676,0.009570589170432551,505.2366323190136,157.91399376736223,0
2272.6023943276487,824444.3181987479,1020.1523667315766,61.97889418806763,356.04323437561044,0.1829984094460102,388.6505492267046,9.421169063147124,1
2613.8883773118678,833847.0388566784,763.04725599793,60.295613806873305,294.33108525692285,0.20041916178008845,233.2950942938858,5.9730533955410845,1
181.90837314578292,57668.67293329061,31.493768409578177,149.25428780154135,16.967079025902613,0.02230258457879696,537.4318227370101,168.7948329660153,0
2121.146605800614,715440.4170231109,879.652050854019,84.0473129713158,223.62788288076143,0.07861805486235698,230.10055202258707,7.121882674253963,1
2357.9710765796995,731613.8869738014,765.7316934030005,61.29365477630562,400.2207414437865,0.06172926807949844,222.98888304299558,7.310693966651733,1
213.90718632273135,36499.00881873579,14.73493303483885,203.0933096713872,16.785709622144363,0.015957479067117163,609.0166033690662,79.14985666069573,0
234.2874517637331,60253.480342577546,18.467690397417858,158.31676811221996,22.127706861855096,0.01249605631014942,511.7836075517631,5.0,0
2175.5915534407304,586793.3385087508,741.4187228569041,58.359192809414495,307.5035262241509,0.1500861400240927,238.42186785965646,12.302755473171556,1
203.46905675663893,47635.53580035487,11.7810822845696,202.88382894393928,18.9259615336481,0.009782915401122975,563.320043470931,197.35257594982698,0
223.57692612725694,59885.53242465315,15.774390172012536,111.36966862486733,13.523597636399742,0.010515545633249593,512.0160933379044,144.18999615759196,0
234.5242677033884,50233.55316114555,20.364807556142313,258.94085747254684,12.778452739021581,0.0,441.01130593022003,54.6740825672552,0
1814.265729567746,817780.1362169508,986.4239050510689,72.47379767919871,290.4385953449574,0.1353590822114777,183.8071689130336,10.38788303557843,1
182.86069245678104,35078.94164527008,13.354133277414032,141.49478099656196,20.27478047359647,0.010332465163446616,545.5689918554921,171.81873468052606,0
206.9120716029341,54525.38418979592,26.756066331644785,152.84847304631288,19.684832709571708,0.007467712973825534,369.89055034686885,175.22524401397897,0
2057.0134809165847,637804.0315405643,1065.2369926859158,72.9493511331446,300.03418890782734,0.10671251391054677,55.64780617761073,20.281015698877557,1
278.95456282052174,55560.75273823151,11.841733520155675,143.74275762891347,15.740894389357074,0.0023220444026856406,393.5462975244002,47.89065799781194,0
234.92831726857526,36063.275156338284,20.63977711368855,215.2369385279679,14.94354576519585,0.0,539.8881805948067,74.29166160545162,0
2501.607694133115,961105.5631981421,1057.7381734787832,96.04949603418373,198.6478375906324,0.13448049481968757,20.0,16.19816239075125,1
1746.524806344536,702551.3674387796,613.844690993847,69.40173132041207,216.15100438781428,0.11686579890237188,275.94990641584184,6.2676388181319,1
1512.110664760049,927790.7498683382,675.936113495668,52.85757192342382,418.0527915128906,0.15348033543720693,177.02499689820525,13.977681490836087,1
2433.6753388064385,962747.6802625938,813.092275111661,48.1955194765533,175.85480374476742,0.17471378346415384,227.80134713111266,8.841448917732405,1
178.81966967695809,46743.018899262715,12.33538165802331,146.27469367953003,18.103774103203783,0.0047581709374499735,380.32998824154845,155.85267264705695,0
183.25574850071126,50974.13412957782,6.868322818000628,196.09763013374086,17.976430301690197,0.0012946802727058452,618.310540854807,125.84383142929593,0
1824.7518115149398,710272.9741923205,643.9710831712024,31.6525980833546,257.1788316586962,0.13494543390811548,236.35969463258542,14.49194987071185,1
2002.9918585716189,673096.3076700796,643.6824235549607,107.74810429310678,289.432511622679,0.1271188322651872,210.93490351245248,16.910667191004503,1
236.2141338728114,30222.50937632872,18.225225129064125,251.42482994485223,15.141276857550228,0.007988638221583806,361.79784503788784,86.30355871212883,0
132.89124168145466,59645.506822393334,0.0,179.51880320404214,16.587974454158385,0.0041428847101081445,542.5663812636765,38.83345124686957,0
226.9057718501963,72292.73610555974,19.924327033688492,177.4877310742418,10.330297736768681,0.0099163237228111,477.188481828436,114.68452781510402,0
259.55714765444327,46093.22397400804,2.265854611903194,127.92708991115609,19.23925813150062,0.019749678444341348,262.62239464645745,65.86924429157894,0
2467.692489989906,589146.8945273131,711.5144850440756,32.242924883495775,454.9179244707975,0.20456270889649908,185.72696557118934,11.482853899869857,1
2899.725079308342,751653.2233621983,763.7749101495623,70.4076201290821,168.80709387866204,0.1402281359977881,168.3173969404847,7.827762562819417,1
1270.1541451811236,570615.383008296,635.0338846484815,39.07210211682135,311.8763796833618,0.11666218262082834,276.3875908863108,8.293391439054185,1
1034.555068596772,751079.7335442565,959.7862174118477,47.72344972982833,344.0110703265618,0.2140464767639529,176.85450366151355,13.63904272437075,1
194.30262711725624,50265.853413260986,10.16898072341725,169.45639399367025,4.926427595332925,0.0069707420609435794,666.6608908314922,149.96883587643677,0
1548.1119862739795,654359.11653854,796.5888352219032,46.535181569439935,281.6812982704159,0.20796738549971663,181.73309493839423,12.622258724373626,1
2627.9981573524556,1123793.5590351284,268.96755109086064,56.21340290344481,313.1205945880196,0.25570178185513764,237.63231745556502,3.008785956169957,1
154.87884526037436,64125.13069961006,44.718090760554695,161.3284324782592,9.684256449222886,0.0,397.5774728901958,137.13985915972955,0
1825.9407674988277,1163157.0554430229,829.5951982448245,76.13009529743715,401.42415707354246,0.22435147571721115,130.41410838644677,12.928109929494653,1
1417.7484030383607,833917.9407718405,640.8983645581184,111.4743810754011,435.1809983677961,0.028668278958444787,298.31368921896274,15.272972188242878,1
2238.7732925598934,812205.4915930604,487.73268129954556,60.89926639005969,136.09331221044334,0.15244893062516612,185.47038171194856,19.3278901551799,1
179.38315638976349,55077.284516382526,17.207790807883164,82.4665034488151,15.853135418095407,0.015321761598451538,484.0327917177519,113.03171811894757,0
2433.5864975452373,714935.1540495815,614.2690436155358,34.566544851028844,247.70876649713898,0.12210632779648647,165.36904328235795,4.6274535833535415,1
162.50933308577413,61402.532809442804,16.87731805393347,177.96613531562875,28.552733844231916,0.0,314.46464914477554,138.5264348450912,0
1939.8730202294432,704959.6626822414,627.0292039724046,59.070919287559555,396.4793236364823,0.1865136917375554,223.27375186575352,8.116508060439202,1
119.00640028041151,43227.25815990722,25.37433854227337,181.16158286021167,17.823711292452035,0.00406104671044265,559.321938070411,79.62869883002492,0
191.02403933586996,64773.93634170035,41.58659010704834,241.94902233851448,14.670856056630385,0.018549597531646887,489.1879161783079,87.04433821194996,0
105.96007860129711,57725.39807582761,27.738911809098656,110.44738149916273,17.362255071776506,0.0,575.5269157570397,24.130569222110395,0
253.8120078733193,53884.74200851541,19.38982648971592,214.63268012719277,17.43580908912835,0.011290423285872351,389.19594535538295,74.08635087398457,0
2398.717074280348,825874.4148548498,599.5129057359175,68.83896243180129,229.80636773677074,0.17523918812427453,111.67367183944414,18.91515496295471,1
1995.2356596456725,773734.4417906526,790.3669635419255,52.09256852670458,435.08186670419104,0.15477238433047827,302.0211630896499,11.215921654456666,1
217.46753112802148,31716.046885584976,11.428235962225703,164.5241379739499,9.694039053322895,0.0035757332029156376,571.2231306132046,102.79239999552352,0
262.4832633521888,51643.20659381916,19.484321605237863,194.09849988754854,23.123925199498974,0.01883784961261961,280.7460158795582,90.63902123112649,0
1815.1729817125465,673550.3943909295,962.6745378946651,44.35197872102135,99.27718622094409,0.2544525791639413,297.1213000747248,16.08074470490009,1
2325.8015285805996,651696.9904904272,491.7244795072468,58.65877284699358,416.98144514190926,0.16358114604394486,168.67867685275945,20.409396817010204,1
142.99195404368848,58662.25200858529,12.738555973136403,202.73638098299276,13.861611854070862,0.028313003205774005,304.57286132454146,143.8063202566742,0
1937.2994842067028,808221.4789734953,618.2513354627555,78.242923814296,402.48975069421397,0.11237984797182395,30.448564493352706,6.417320105852309,1
1501.7618921754856,900976.0508234537,498.5530879937105,20.208838905658382,212.57606223496313,0.11006665479464821,138.6901903382635,9.820152231737415,1
166.08677799224117,49574.21378955556,15.794916565631091,207.47814671083265,12.252864901123008,0.0,617.9965739457589,136.88381062180684,0
248.6831755672045,44925.99423599575,17.68553202311209,223.16495117296836,17.168845611072257,0.008293058537811303,448.6186516594027,162.85251377490428,0
1341.606522266527,877970.563033345,792.2695643217829,63.73112112178316,190.06464935096892,0.18594034028739312,225.25882923407585,5.146598298240838,1
2208.0448929691183,678759.733485096,545.6606891400614,60.3943830090569,299.706957417474,0.09756813252872926,179.1054483871182,9.163713278685366,1
2348.3810069005935,807980.8148673347,911.5419285927366,36.313464436603674,274.5785782742183,0.14328254020841868,203.84065105664928,5.13053289179312,1
201.45549732883347,35281.87648675814,14.080211922700201,209.10134774503197,21.144075013583027,0.02172112927476695,561.4469867304442,89.17308708289622,0
1783.5305545916606,672897.7828478278,1126.3440872217518,0.0,360.3410637073095,0.281679779026968,208.08266580194032,2.189944423353932,1
2521.9644071377315,988591.8351701612,1191.6652545623033,59.00682965732008,211.76306788778317,0.10779605263116818,131.75954137919268,6.132108164556606,1
235.69100682411997,56643.536742399316,13.690384028678693,228.38082809771544,18.06172460049225,0.010815302792314893,564.8755297883865,103.81332521335861,0
203.60647538569347,55654.60419169093,21.237400144113902,148.7283908106669,20.984083545480622,0.014388165233616967,451.67692920345394,157.0668065910376,0
266.3843066133846,32230.133606739248,27.798696125227764,218.70201663964542,20.98249239093145,0.00857517575613395,583.2132161457117,69.86711083913485,0
2259.699120451291,888151.3306944277,1144.1010429211221,40.59659031616693,143.6022383260406,0.19819612212728197,147.1007105153421,17.21270254545604,1
1784.297007351672,846855.9930380114,834.024323431592,48.99679661391367,240.36721469906445,0.15360321762447735,183.28193621335888,14.004396198565203,1
201.7305937092628,43838.24915825476,21.24697277651347,197.83713393353815,15.747420503697546,0.020871101984887657,458.8448305042478,171.15798678541856,0
168.16923584488822,50923.54038254458,17.346398916857453,235.58241034320247,16.18135385294507,0.01719827980931375,363.58461412363096,167.474817956226,0
2664.151527589189,884871.735813024,960.9498660341133,17.932364392721233,408.8833944448347,0.2036012338300554,439.6104290956866,2.806476012730041,1
222.3265588014972,58241.99619795863,19.977497554958425,234.00680205048047,20.89668904859603,0.003142933789270267,605.1225973725926,47.31651883519389,0
164.63677350242682,51022.56659647416,28.723486799617685,236.01463667525323,7.035122743599284,0.0,610.0857973381289,171.89215041922006,0
214.12934914596482,44168.84927697309,19.573169037725233,221.80258663084496,17.276013623185708,0.021101541158826773,501.4673167169103,97.71909619727838,0
1500.4714672855666,771589.5998290256,803.76727570934,35.00456007416439,364.28165751670196,0.1731304384152593,366.86617307545635,14.051930196856617,1
302.4377825431643,43460.36866363078,18.659727791906345,121.41870526745646,11.835782725739417,0.015998267754606513,531.7518178502899,136.90753165235407,0
100.45940024380012,32622.85404862868,11.371999804267299,197.45117812931457,18.09782603062771,0.014512293855218331,450.64177486719325,115.5831239796636,0
2169.8048537725363,722994.6846775915,1081.3795141971761,34.2988475869628,353.0993278184569,0.17080083151918807,231.16998943112088,13.560824303695265,1
1860.6803523405774,738224.0737627797,574.2812910581431,91.54671501807812,138.23548291491082,0.16299795020751828,191.51465861289074,9.364356458404561,1
1296.583760965601,894779.3776586045,816.5781122839232,0.0,254.17901257805113,0.0905552273210739,357.5720969290778,18.00431148125878,1
2128.240782541944,673861.9149709656,626.4811595125784,27.873345643375693,408.43599563269515,0.20354881984101036,219.28243991604472,11.605941711112191,1
238.88959677144743,45109.225318810764,35.756775921706605,149.38018795831005,13.066581787558587,0.017045764170575517,387.178929429425,147.60985907475427,0
238.0066542687927,53208.49646324607,25.603291782322568,220.46641654826587,15.356473067487185,0.02168003385326591,498.6245620390769,168.45300779040556,0
144.4784657792761,57776.09530278536,5.144608404777262,149.7741313429923,18.55137438235588,0.01281829624418614,460.77463818638483,211.21665247692783,0
2014.4807882650512,798280.3367509793,1015.4306820864498,95.9387053374978,208.54484072389715,0.2741135127241206,113.40666492185746,17.214458462573106,1
146.40187238548904,56084.51736429679,33.62458244000213,232.17320530641913,13.56264433972082,0.019359426413015662,633.7343225676158,112.5538477018345,0
1892.3891358753917,632594.1927200363,1246.9466474571989,15.561761526361686,415.29893053423893,0.13962163175804065,204.57319522144562,11.149818810769098,1
250.37553854932796,57059.69746698816,33.47323241613559,55.580477395226495,19.61123970585969,0.0,425.9474588749703,91.75174770039115,0
1906.1613961155883,641166.4710327067,680.7173183178137,94.87897879465194,476.42410769011656,0.08901236234797212,223.72438890384518,12.396139848977889,1
2070.5108142912745,736693.9348240598,1047.944592871035,27.132029742083592,342.21916501443144,0.0838755738924534,161.9353147571802,3.89356041844821,1
2320.8670525760954,886924.1131903306,610.2024323613348,68.43505941586105,195.75566799392755,0.17643838178548174,170.76118402282822,4.206585240005783,1
2065.0363923660234,1017738.1057768983,664.4970520459141,39.21119120649163,294.357057080366,0.17094472852375986,178.91170454875086,3.8606626206528976,1
1660.6718441808357,677058.0260210428,641.175211850818,43.87294399144561,159.10715751320538,0.15558979593982264,61.1671872667805,11.410536715149851,1
2139.480799207455,589595.5057055434,931.9194821188584,114.95512494519141,351.3241491268131,0.15488895000629233,162.8428179455604,7.15842882807455,1
215.70386119348996,60245.126754266894,32.381603014898495,162.32576870828524,13.727494732966925,0.007517464673678227,499.58212065873414,71.72006881388,0
1532.3748479942192,682242.0704298383,882.909671395006,86.93758638068039,260.88647492303414,0.1610989864410502,241.79638889676008,11.235888645167439,1
1311.4549814609254,753012.8322017305,758.2200914808168,63.69351021242698,361.5451247957484,0.20582586431252362,324.1250853671743,12.085875411316124,1
1864.007159641285,808395.5380368135,581.694108686884,54.436117743804175,222.2636438606279,0.09694365159360976,248.23752303724856,13.575697019949633,1
1550.5071737476346,736641.03361884,588.2118117850644,51.35920470454228,322.55431187705204,0.16356784813312922,229.34782094608607,14.969700217277975,1
2209.7472654443372,738339.5790669773,1003.8078650560564,46.20963191406319,286.4883992074651,0.1744503977484464,246.76044246331398,2.403064559711769,1
178.76131361034544,55428.58224477596,29.694097907482053,196.55389543248953,11.389388648857047,0.02820632597205721,562.1550760459876,57.14535008755627,0
1591.9104372917627,1019396.3514164599,835.3982810135972,31.23270903845618,437.47189904956275,0.12230987016694883,222.8476829866239,7.048545294956945,1
1971.9664795889375,881553.1086549527,548.1934918693552,85.96187015829805,323.6292198596674,0.19030088640533724,232.52552952816112,4.121399957928213,1
175.51249085493953,37752.9522234946,19.552670658121322,170.1245657669087,7.848733583788162,0.028873409462559466,588.2197639943178,97.38696856440976,0
2610.980938391804,1075908.8333292208,812.1358194074136,73.33839828935739,404.44166388757384,0.15031903284972742,270.86481116603096,8.688069819170407,1
140.75281167914878,47460.37321952219,34.90124342296572,108.5309362462036,10.479554169254598,0.019883377412115197,567.1484895009283,100.2645812586716,0
252.46698052717036,57846.88716131687,26.20372393931358,125.07797361725433,26.005515693772967,0.0014980036639413667,436.25185506828467,133.98109070438855,0
108.42969578924382,45342.31835141922,29.788413412371995,202.01380405619554,11.29835317080644,0.00959253642182807,439.16513999675436,155.60178012040564,0
181.19219643849505,50907.42563752173,10.494637928142579,180.4134225272942,13.050972442896239,0.010123454574261398,442.4980303545586,57.50786052303357,0
2428.0294441481838,955495.7876886518,1040.4347662861792,42.0051586334125,305.5665403509467,0.1362670057596179,327.68268786731716,7.880920784838756,1
139.1719925309436,40405.72246858132,15.972170588937603,188.34598327493475,13.383587007418189,0.0,545.3061105894302,85.27075303941145,0
1947.28727081803,714807.777950337,939.2999848590923,47.88729291610727,432.58476830884126,0.02,115.21951565693335,3.635668869973335,1
233.87006843461512,46950.267812869,39.25012801735852,155.7820204851214,7.8665328935111045,0.0,519.8359167318833,128.59504694441597,0
217.23226131180263,51265.96710277694,39.44597792260228,155.64972305418695,20.362666823550974,0.0,384.2871351406085,113.64127567083133,0
1998.7193983874756,509392.23276455695,835.6659174526475,26.250208808539032,315.2192881771905,0.17715526111867652,181.21630105028078,9.544681881362727,1
148.9477419660839,50138.98209332511,20.655325808300507,246.3558867044525,12.934450236016426,0.0033842111557643804,540.8351579441637,79.93464787361704,0
136.00795211799897,45695.41666538042,10.822910254997405,174.51093192654977,14.378335895755495,0.027684253285138453,417.98055534191263,165.31049224426607,0
1329.4347190159037,689407.3775688779,954.8773573846863,0.0,171.34542970766577,0.10226688244130305,250.65651199088978,10.667083347717872,1
216.43310011412404,55030.48668376865,30.960642330571805,173.95326477237802,11.506182905925922,0.011676514647267018,585.939609049042,78.550361096675,0
1805.5343223309164,850444.882101359,642.3433698430072,7.6249879815410395,307.25950471020076,0.06900908528890908,229.0895038058021,11.18507398061374,1
231.76855714306387,43595.09928144574,25.46667032616485,193.55978041899303,27.44627084511679,0.006121893146257268,345.83386554173745,164.35802291825712,0
1932.2689212926107,816378.1589458043,683.5906635775847,14.470899671049665,255.6930877898841,0.19743639679074843,198.5150943791002,16.692428516747867,1
1484.926132089753,577694.0780845722,763.9665904141318,56.80703047888389,216.79510235927125,0.18141046982132253,270.7549044441,13.45162448556909,1
2043.2870406522131,715515.9384581906,522.4492876599481,39.634963320129415,339.21034973217485,0.211797346946703,307.1712784136698,7.27273421735554,1
145.81505863209696,43341.22288879564,31.634958143064736,161.376528816456,21.710911473866094,0.02050533649906501,623.634316261094,81.58385072012591,0
188.20853189125737,50117.164177193656,4.143966253997444,165.73554093762775,8.978165257329781,0.013514648615819806,567.4722061250241,145.56471092133404,0
1439.9590887129384,616462.4133407329,1099.5132272174271,59.628542616933345,208.85684371365477,0.148995468441619,125.72939435749299,16.005678076181233,1
1959.0561064040976,875511.2083724682,1029.681549497468,26.186136047386366,336.5800733093696,0.14400075923558467,234.77423824195435,12.186421373002045,1
155.615217214272,36023.13836881596,22.242893994169243,209.30558265861964,7.36707071656158,0.017528018229417713,517.0629450384594,144.52382763100331,0
1805.0093125117362,658629.7134617653,1272.0274499315071,40.140571523314854,238.2143887538088,0.18039943890858048,132.83176008978495,12.685527482314544,1
261.1270669337015,54109.825769008756,35.49890566129126,144.66299375649456,22.348618822542726,0.008532833698714134,557.688531059865,129.29710456246067,0
211.7200446349348,42713.89514740473,26.387593816759768,149.6052829862034,11.76361037956342,0.018070971156549626,477.9605506503884,122.20957037155466,0
1784.1841426494966,992148.1518758934,497.21535665154636,34.52917673166301,282.51594960416566,0.16408565122120594,42.61200904285727,7.947134592129548,1
2291.0347629774733,1037157.3025807812,837.5845187830305,0.0,267.2065167212272,0.19588926724478659,193.63438965057696,16.167359279406845,1
1505.9344111298083,1061801.7528203703,890.2105364087253,14.751797320816202,241.97606804725726,0.2415024581576767,203.5914266098262,10.648758058984917,1
1352.2305026260847,754596.4652074458,664.3971082959039,107.85627961900491,439.1345397986487,0.15096272268382682,134.82841113295615,11.91006270352294,1
219.25189688280506,42254.89938486605,8.303239989755811,164.16328142357608,12.175983244487869,0.010055408427917977,431.1327959677365,171.9320986375912,0
85.435524570095,47391.001769991504,11.470621822077277,184.6072353261116,14.089605353257415,0.007558130808983312,402.52175911513467,137.2873449864097,0
223.7348544231601,41692.30118394664,29.806732943274255,161.5343118831622,7.067716777238998,0.011971032508712023,315.5503006188966,115.2962206459387,0
209.2662824707691,54500.20673421832,1.0495415005211903,236.63657098309073,17.951555472776494,0.0,439.4360248341667,141.9912104392877,0
266.86990537213717,59954.90282945318,29.303778576228922,187.33368855993683,12.447795755463602,0.0033837560753618087,424.7665162533182,5.0,0
219.85166500077455,54963.430343407315,26.476139772195616,173.22629971914537,1.0,0.004070959856707266,573.4510911308618,87.89142505114341,0
2075.997430063138,672544.8786349721,1364.623482253429,80.22109258680844,225.73546604807103,0.15266728931495752,105.35950381432058,5.853415529215691,1
1481.8313596003586,918860.1698585604,746.3097271541757,61.619681629756926,261.995922249678,0.21167467741229956,224.16938601084956,1.9514444287166395,1
272.1152395593122,59795.85341155973,0.0,259.6394751955455,17.33246408374754,0.003932511573524352,484.8323376906713,136.5447954189844,0
312.1460156201492,41905.462709026724,14.75585107028957,198.49542635401278,14.058764808232167,0.01621251610895056,325.6700322292639,70.12824360360469,0
1690.722216944494,962411.8737934127,559.6939415406141,82.93183433140896,350.1758473403675,0.10581499125715971,328.7992315148845,14.154209360496756,1
196.01408945468006,28708.021107999823,12.380084761730096,127.10854416399263,10.832020584650518,0.004811546867188225,538.862527414445,147.46989416646718,0
237.8124081814903,56108.44916410854,24.934319881836956,134.39261091405285,12.188158085384046,0.006661111884885376,408.37649989212747,180.730756510618,0
190.15571506480453,54163.681481389554,4.547000544712423,77.57050457365514,15.886150726340558,0.012236149064397073,548.0925867727912,146.1462698234256,0
239.74661264578137,62027.00806536146,17.179855180647902,190.61270720311933,24.991444916706673,0.018318314520963795,458.1925371018854,46.883631251311456,0
2035.9753583283969,754812.3240618162,980.396259035183,45.82084693532773,297.0353011078627,0.14449743652787578,274.8494174916205,10.472784550071564,1
2151.400530114146,608970.6011842266,508.25387493944254,58.27219438720198,339.9858829762686,0.18515327468971715,273.6757154457234,11.678290797436182,1
1719.3645969780034,775231.6154991066,1076.3468127311617,75.13948131656896,301.83066729313794,0.20970719462697962,181.43855831097736,9.504019399562189,1
83.98219938069276,34489.80587651945,33.28478810791731,169.5431517130785,11.996516861153316,0.007106650117470158,367.7866101916701,109.428916234658,0
242.01100813470987,52614.20412729969,9.633771008353996,202.0691307617512,21.833395893591412,0.015612805264012167,500.8367253256452,164.26157274369785,0
238.34114358921218,48196.929771504656,10.961207104191251,165.6135328533077,26.363294954466657,0.006899046914105691,516.3558011395268,222.74350076360741,0
1693.0691226234494,581830.7698395546,1177.5596489910838,52.739006679757125,87.44016754693541,0.2090740946962626,136.81349344546751,6.5702759317635,1
2054.046041233682,1000307.4046550188,698.3729776201146,45.03458813090491,206.71096035822563,0.14159725140173704,122.67864869175972,10.190742554204107,1
175.68460454633345,53526.27203917172,0.0,210.31107043744748,5.890208852159599,0.007956405634637169,505.71276134535606,157.70220566040916,0
262.09799984069053,46938.80951540046,25.94690211370184,180.3195723563177,17.272659359344054,0.013797428756279605,456.02769985167606,77.57229975072701,0
1306.0979990421324,741854.844473538,860.1020953650245,17.542326540570237,379.99894536344175,0.03210875023000212,242.0147085564864,25.541893075909485,1
145.16072107726802,73257.79791881685,36.40354093898311,176.24058268861515,19.51900064700717,0.0014691000276484227,521.111074362113,114.75588576178814,0
2450.9610908258314,590392.0104404789,607.7443155390677,55.35985948090365,266.43597348494825,0.15684625425110035,210.49459636132949,2.4172495413122324,1
192.44740611965355,36397.565624078255,6.379491691473477,243.8811143940393,10.037335962514053,0.0037717916347717543,463.23003787536726,155.0562009894863,0
79.50390171000625,58091.947318531726,19.102692300883813,228.18030206424623,21.125807275499277,0.0,526.7617509031114,138.44848474817388,0
1684.8947839366906,851830.4937493617,754.3802085313522,53.82366514517217,209.84065278046864,0.15601879235845215,159.89226607992308,3.8316167050464855,1
197.15227293932355,48699.7393850151,30.526444176155614,156.21090624904014,11.287652197882108,0.026154302731785956,447.86641677979964,126.35661143342901,0
1556.1409623964817,602133.2817013974,963.2519229174384,59.04236624408354,276.07100281235955,0.16429894895646932,214.96221470275432,20.309191192505736,1
2312.2212757291104,778379.8773850617,757.7000507806295,75.82359409547696,383.3546118065168,0.12832777710234614,192.09643242483364,18.54006813628103,1
2159.2526708033292,964091.8030375267,1078.1092507378694,45.072926528393666,397.2212504219989,0.11459542248293819,278.167657511342,13.133342858016418,1
166.19913471593156,58708.22770366639,24.422220620365994,160.85886020968934,16.2436113015951,0.010922656001431774,478.6289766052696,119.86966712775474,0
1435.2029691399105,710677.6570335497,1318.1371672122987,107.15969592364496,370.11617181594295,0.1704856002921753,114.96265660896941,10.39685083008723,1
1984.2583758759229,830779.9426930912,910.4378970869304,16.042266480628356,223.91048455072098,0.19510919639777105,152.00044906397562,10.687561530639925,1
221.51506794787767,52479.47560851875,21.416566973910257,111.35005290061794,11.172060433558382,0.009716866643477332,550.3317364054187,98.04840150811563,0
2499.4263123029623,1125127.1714843241,836.0100942804747,75.50645156349441,227.15545878586317,0.112796747440768,307.1666338650824,3.8989316228274067,1
155.56013433845408,50704.19127327289,39.50943482686692,198.24048728436514,14.33085071122483,0.00834235083346128,306.381063974051,68.59271630180498,0
84.01946366243908,48099.28327099255,23.520029539376313,175.52172663073412,7.582166569741984,0.018426872039772633,496.86608923445647,94.89725589056651,0
150.5686425282697,47296.03057904558,26.568185267201375,186.19168978095354,13.529237825772178,0.0,552.8553483548332,103.88701315556727,0
204.9738736507869,56409.90719394974,19.9888027800211,154.28865721437103,17.459651006781545,0.014134732931055044,647.8031794326964,68.88724615869411,0
103.15809796899073,54146.16285026703,23.57128676271321,236.31035221016793,20.094056216033714,0.0,555.2601180354617,167.08981331316386,0
2186.265880911342,1109779.2857132484,490.1474484342579,23.058263655784433,302.4222455852962,0.09168453171179575,325.0359613392578,4.0401158702352244,1
1640.9170404098995,779938.3876540799,910.1728811384473,80.57647495926798,244.11583447886403,0.11530044244228131,183.9318571086935,14.537268916010031,1
174.96276281215418,62916.86465658673,21.29409536895869,163.0926806059069,17.861975540146762,0.005989561825809107,559.1801018931008,96.54544199751976,0
2216.185673611225,715978.7532218186,502.7350048399758,72.83746239040579,406.53797700759753,0.17603073670497799,219.28002371317405,15.37702034466249,1
209.20289156357828,56515.40620643959,12.57321145298847,214.65589601430398,3.6341118493943725,0.005555554762069015,523.8355093278572,143.9635578466101,0
2127.537216056182,633687.6100396096,1098.5409214551948,18.9840895197841,189.2491395431192,0.07121015980401074,166.84020078695792,3.1875390114125457,1
211.6338105677352,47970.580563246294,20.10982892582401,210.7659000786723,6.354644266288744,0.0,378.47465356972657,40.56804037156115,0
250.08726988257536,37253.81597984494,18.107543034316084,98.45557973710368,15.662848549478262,0.0,491.0258861270671,140.82970463838575,0
2535.8940179594415,848518.7742664058,534.096867369703,9.380172920167624,218.15995121282884,0.16838304966386372,210.52944345895833,16.7539632423685,1
2874.79033557793,757421.1021025619,698.9465232576867,61.95439466420063,383.4419242275149,0.1392507275015861,228.45227146209206,18.751168414011097,1
192.43761766268122,50133.55591543673,28.893462537723494,184.03606140588272,13.189044329725094,0.02039143831484181,478.5655613202872,95.53247855273139,0
1508.7307821797867,547764.8296454838,819.8805055963534,35.39777910002509,197.10783755179574,0.1311885194315758,185.81596113316132,6.4925481924518085,1
219.79669372154117,63082.4660687991,15.511223797196152,177.8737404772096,5.0204620694010345,0.0076339447555167075,552.6866585699903,137.29899621873662,0
188.0322186263488,61904.13563293744,2.8852684026954094,191.23417394902089,19.863961807178704,0.005632044398921703,472.25964152438377,136.16860544075894,0
156.54763760676087,48313.482465995476,15.583082058270058,110.50312283751558,5.719896550566052,0.005969261389938556,517.2507188385074,199.39820055135132,0
1662.8160536616435,541042.5147168821,727.8601549645721,74.40484811808787,353.18881192017994,0.11438287616515491,27.249271858908287,5.482988687274583,1
1619.2302336024704,798932.9373044934,710.539038599706,58.4674136530145,350.36237200273143,0.15084317496443556,138.2631999201199,13.181075440421768,1
1400.4110615806762,702758.3938884344,677.3590120201338,72.06340440815171,138.53007139712003,0.1224862584487889,64.3136375174094,12.975650814494054,1
185.68885250796654,50879.62896331002,24.868185471492836,203.9833807916151,11.62675890908838,0.008187765612080919,381.28026010326334,190.53443270920178,0
242.21925952426602,34129.01699201758,27.698959812747646,138.6111603726102,26.158930727461957,0.026109009364143773,555.4391335173633,119.93268758020113,0
202.65776737889337,35728.63597813759,19.800983290934145,192.60172144464684,11.61504826193918,0.009207959590119885,514.8958541242349,103.58173635843943,0
243.5714388974095,45878.50621543032,16.238958094404175,236.9238059804648,19.511837085676603,0.01876830896064053,368.75611477994767,175.83088611249005,0
273.9637255337115,40689.265120578966,2.733933188762215,241.83585919114591,15.140749551121015,0.013367071917563058,670.685792416733,227.15103899864272,0
199.38403535353444,49655.25134965367,29.61093486120216,190.30782885106223,6.770994139554931,0.0012416004597690846,494.0818427089783,112.78510989886773,0
267.53125604763284,66965.86682970851,20.393130660242964,250.86037129946985,18.10598779726451,0.007359955077322038,565.872028701709,99.69581643697565,0
2123.238613805632,740220.6050636459,575.5471825571938,40.842396272979315,203.38174337618517,0.173726834256949,77.70096048312692,9.416420733321685,1
288.56706211338417,27805.257413769472,23.84723314585234,167.1385686138429,14.483557924807224,0.006084675662445722,478.11989297372713,116.84103275930089,0
102.44824056730818,43494.36379594408,11.34060116167714,182.80542073464508,12.69032405366485,0.0,447.56233330620154,127.18249495091624,0
2648.0424557834576,715892.5827099154,620.1579505308348,53.4075494725424,237.2662578882548,0.13824530490583586,347.87706124411704,8.697252396041282,1
340.46054306147516,68861.89158556082,17.771778242427885,211.95651710364086,11.764761802956365,0.006661151740064467,468.5682570766366,104.4657156419521,0
271.37426418422524,59965.54884498404,27.412817669850217,212.72280373097942,20.75419874576029,0.004802280492464002,361.6153506154414,148.65860817241634,0
231.2542600624077,64221.06349923556,8.911970250619607,78.43168330017346,12.336321634823626,0.0,585.167987322905,109.15980860446426,0
1714.0106680121821,780525.8028730709,962.3528893655498,35.19161047666769,238.76034124164858,0.16974681064147243,136.16941771532555,7.7402284703700275,1
250.95218466208811,65020.292518431306,12.391352549518231,137.97344403067405,20.244518575857914,0.019729894374492074,415.6306652220312,87.27321928399121,0
209.49216964187215,61195.00680802916,21.191239293662775,137.16372016621924,15.378957749821764,0.005417223316827165,490.79662076053506,75.27664070693142,0
214.4559699344992,59672.99235842773,14.649128466232881,237.18127898273758,13.39328734981377,0.002674959446760509,403.1047044325802,162.62627557920172,0
201.55427938855763,78574.38423139865,29.661296810041062,196.2454901882176,18.005519720100068,0.0,555.5394907442314,146.93316664229937,0
2781.796364784579,552616.7242611904,1296.6847800162432,57.75888970693007,440.6166055092316,0.1265884444134442,250.46892113446341,7.564285117180523,1
1979.7107463644725,596731.4900442541,461.8775193847988,94.61902018193572,278.40388984656414,0.08504100031205737,160.81939914738314,12.424981048461879,1
181.00967441050526,46030.86158762209,28.697611871649563,195.11850504136294,19.689994725267066,0.0,520.3999461110715,31.58187945120332,0
203.94943581700048,53663.329336500436,16.95522192253473,245.4570084936666,16.569825762496073,0.008852542939999094,545.4621023567489,6.819787910038599,0
322.8712046037946,61193.9716199838,27.17348457608677,140.43216913477283,11.009271476067825,0.01663112381065731,443.1187329917142,36.356686274534866,0
1788.7557858445998,1076337.4634711745,1213.552501302781,48.97294876749377,298.5569744279842,0.09771712723511633,158.82441940835625,7.1222099752523045,1
194.6909034688712,39224.167523962875,4.637276859557552,245.68646767721623,17.925697287305383,0.024250793326254454,428.0453091041868,112.42079476055645,0
164.7663368565059,39324.06230955114,13.56438875049352,129.86778950619347,13.901844240412924,0.017216619598094902,592.5299563969576,106.0308680194335,0
197.50370445068737,63249.55679381631,0.0,169.37838101483055,8.10949329232988,0.008348008408695633,412.46991898376837,136.93217936836407,0
178.2296263528019,29921.069491953294,15.291783422244638,163.5863707419355,19.03743617011474,0.0073176680046673345,384.5932273745791,104.2325942753196,0
256.44861463604457,42074.74169542085,10.419883992987707,128.37013852337526,11.329261266926656,0.0036419744345236914,617.0497093426756,154.02454358276512,0
2735.7502264908917,837073.5656116557,571.1192927713122,67.50298248313624,174.9588849494037,0.10065200469365948,119.45586937247003,3.691965626391883,1
270.19106960332783,61273.54761642422,13.237533026363847,209.8738724253718,15.10849085529958,0.012096793090914897,467.86900894621175,73.26000346082694,0
184.10467256857686,55551.456819448314,3.9374318170461784,137.75020029339217,15.761501862736596,0.024039560535500125,525.2519910317214,151.8945995679792,0
1919.0584961018071,456154.7938062225,585.117270177516,55.557463581082224,163.03171975632083,0.16881559850318878,146.8693121235288,7.342856569636583,1
2224.6435002998405,928117.6001802827,804.8786139725677,40.96333418821059,391.9168183308169,0.13130425335728943,325.3847284903905,9.575232996460434,1
257.3906330366782,48104.44488460721,34.21626978082209,188.06630170537923,19.46186687255726,0.0,456.35155216349835,174.05388355009944,0
1237.878492174077,869730.6958770063,674.4148893986363,113.13897795838922,253.23095734270223,0.23006084518506062,239.6315692027633,1.9784359709916206,1
1462.2011902971276,800377.2974688637,1252.272964958414,59.48319351273158,421.55876005192056,0.21143540319871174,131.7722469999402,9.764806703721002,1
135.62887093629845,52900.40396483535,18.435785208567015,86.6329183115878,21.86193717071788,0.022553824609077604,608.9137183913361,106.75278423791404,0
200.5722719545733,42140.23392068645,26.900914151753952,208.8909658871201,12.23986865920289,0.006340682729528528,535.8002434194126,89.06817147976028,0
1341.7359105102796,847030.9372408503,613.4789239474485,74.68022183125956,247.0656303626694,0.10217663335981139,229.56450000002658,4.846175360991348,1
197.31087245908398,69129.54807731752,23.89037590433763,170.90317476977373,20.615510551304475,0.027634923105597425,520.0706858161601,174.31110201216,0
2552.122291092322,953751.1728349368,986.2881818636739,57.46829042781977,238.92440935411886,0.18413081715019006,230.5065852099621,13.257549198301621,1
173.3273826417638,56737.94393667758,20.132366728016702,196.7519131280219,11.866842202437336,0.00885544989681692,499.17850195835103,77.14859293107476,0
1592.8341817378628,1148928.8204471418,756.0879330152011,73.76838486353444,342.7610232843136,0.12873102842040673,133.45966399343104,7.4676068914047224,1
1345.9247445878152,806220.8804527586,788.5266760705574,85.96237808463403,379.3226481555898,0.24782108866172878,178.8458238748699,9.421804632690872,1
209.39867937430523,78095.68970096392,19.675256760825448,200.14601150096215,23.909481129324632,0.0,494.00940623228377,74.81514417038673,0
1954.1550563998708,617378.4720706841,885.2964808460574,48.954102377435426,295.063339156518,0.21444285028850046,176.51100905619597,6.537900394101044,1
2008.103119738777,505175.2441991975,1124.5461661271297,15.909087306035389,401.2719819158702,0.10361273989253608,226.03163608682576,16.621471824232646,1
2124.0411553978747,737153.5245024664,668.6999500740446,85.69130007948814,284.4900248101128,0.1401131385190943,251.79410223283747,16.873699825349885,1
140.56184728385745,34111.02435821275,16.285822639179315,205.29504770263193,16.614546152023614,0.014910546048087853,454.7131314620865,219.0167255839177,0
2200.216771751935,1028018.4225276991,690.6989995391943,15.997870999014488,442.69020717397416,0.16314835713835815,78.4815838205619,16.85871911236836,1
2523.8735146666777,724368.4857049473,682.2452959248599,30.262345970501247,397.18539705834473,0.13799679673007975,169.75033014941445,3.1449719685941364,1
223.16849030163434,71211.43402633668,22.258598363165525,165.87614674328776,13.608412201441695,0.026096310570316333,523.2246592723858,154.7730170753046,0
286.18328603916484,43280.87976320323,11.667374084627536,160.92463907866886,7.198162630284522,0.008283994016249298,376.4375900671316,89.88216806267039,0
200.18981258107294,58439.36891553356,11.858300180138869,178.08981526045838,18.055306000369715,0.014210133024605526,650.3201414030688,136.16223392480384,0
289.7185027300179,40008.55108668988,12.043211583294136,189.60286050568322,12.78736767230584,0.007226467380689806,556.1638872141035,58.437947691686894,0
189.94476727405848,39242.64041354768,25.913207288524845,172.47232571795678,11.157271051042947,0.01949679902816359,703.8773688817885,118.09932111201213,0
238.1463241168468,54770.35127226458,0.26317323591398534,180.35381226787783,7.073726886961174,0.008543389268025652,373.9405981200143,139.35764214661316,0
265.30008708534126,62260.3390991068,10.088936844126495,195.00432655016763,17.93291168666741,0.010364437258263096,493.0573633181115,47.76369723284715,0
123.30692975419312,43753.96591784821,8.879557456407989,206.5010451912512,23.03099580008245,0.0028249957777177316,282.78018601444114,71.44793255635147,0
192.31574478189913,26227.09508270019,21.018206131032986,115.089306789339,20.99585234338603,0.020610902576025797,344.5921178979379,136.17117532199683,0
2096.1555290018396,546035.151457191,626.2770918292902,46.63393743299839,237.6324450607402,0.16249446971396292,54.2961470984402,1.5580312192420838,1
196.1321910089573,45445.187511451826,29.364004170146472,148.51992066109833,25.089046858029462,0.014105516350582957,566.6618628962837,53.967709491056695,0
2202.0225384798505,676654.2979315338,873.2095594998357,50.40285246296153,434.2992652430628,0.1937288014840195,363.4669536343023,8.031808521820622,1
218.43753920412493,31893.81320019605,12.550170612743585,227.66374456730264,24.40438153503925,0.020259321315802277,343.6196499794329,157.45717117865988,0
2408.9299980865926,740068.2330624477,798.1748013054743,0.0,261.1731655808336,0.18239775746653178,217.67803148641968,4.377313388250829,1
210.16941203099717,44230.03628622466,36.00047281319608,183.7728062552439,9.067760109037213,0.009695728350973574,585.4242985318491,30.88270416733195,0
260.62594184158,53933.76870254097,13.281522602387941,240.44546265436537,18.120965571086778,0.020716318398890723,476.59179269198546,115.22275728407303,0
1713.490173332057,718166.2714137732,861.1430539445671,64.15661451535416,286.5918399863629,0.16165734981677257,219.36091314553755,16.53312916039448,1
2024.3060390577643,670220.3382751012,702.8742932851535,43.165603588602586,369.0331005004615,0.15346918530688916,111.91899721967175,9.514105319664791,1
1961.1937369811017,887836.8154659347,826.7006444413465,45.85667939710573,275.36835726933793,0.1444153616747928,317.32772105463675,10.73457381962941,1
220.40180884406334,42561.390729043655,21.656121502326517,129.72065298522602,1.0,0.008088937902200902,480.1620057401404,99.77549189548697,0
252.96118694481603,49084.599805817925,17.935542415894606,161.42352723075277,11.418904424443676,0.013844294376196588,367.9865350022501,185.59756027462393,0
211.41141650694524,40885.56376862709,18.448668688194065,169.76707463029672,1.879166112492916,0.007020916857146898,355.36926454698863,150.69369370784418,0
1814.8443298299085,779501.9173836284,570.2663268189968,21.5697758508995,365.0135695580284,0.1935595457057268,55.149294003012386,20.660294928579418,1
1641.8880920436507,827409.3628316461,1384.728671520932,0.0,234.75830756036314,0.20104108307234464,120.85831471188699,13.803957315304533,1
2256.8513184738067,834805.5613521055,1001.9911113632722,4.309420025950558,360.66591179592865,0.18163062782509143,288.8033994013354,5.718977239019117,1
2691.3861555219746,712752.5983951652,627.4398785647202,41.04298363036788,265.5524747317554,0.12352404817160972,259.35463411921967,19.01832903738299,1
1798.7131742885902,706876.7679705365,852.0270815202703,46.71888477196729,276.7838765324459,0.14874916385907416,348.4330802181325,13.900369751239325,1
157.0396990712215,43794.813793513385,16.71080129666623,146.5847884460785,18.663554713846782,0.011410953821621394,458.83315875230056,141.2225249252659,0
151.89544418291865,43013.1956401517,25.722424201872744,91.38879537586118,11.234378031045207,0.0245727086327856,714.2748539948747,99.48235540040875,0
164.39489790605307,52242.97307181594,16.54843132757102,251.2415383696918,10.638074458531037,0.007947678280626326,534.9732816613835,78.92719452905968,0
1516.9890353062528,937741.4182088487,643.0206721987026,43.81964163869504,266.95295306289756,0.13573747837010455,91.82607316977057,7.657014430172641,1
226.2253687643043,40993.07816287324,19.280014075602114,205.63140537010568,17.418506968042568,0.017015654719404687,477.349475402021,97.42643523733082,0
1413.5672951041429,758330.4041122585,778.104235333879,0.0,242.22568578069126,0.11123711701212516,216.465239730453,5.606011187820849,1
1446.0067514697014,958558.0909958358,789.2796584279077,47.076174620951846,275.6859546412305,0.21690895834291957,195.200110286933,10.848275594221349,1
77.45639357299568,62092.645684253774,25.811988119942523,140.5208097681571,7.758210810148095,0.011372371289676247,708.3598244099669,103.39847564865818,0
2176.242368286276,775325.620389062,704.0818029902987,26.70538843987657,256.08564054582024,0.10520095735446441,80.15598851887722,14.259496343825909,1
1711.4041411022902,958267.8097397329,564.5466879171445,64.16120249265254,374.80248076824995,0.1373993128351324,119.63502841360159,17.674046622992442,1
2511.6659611861305,763608.1430278929,1185.6665888934212,101.23889580232216,439.7031374879349,0.16673261889826538,248.39580977890932,4.707289029833047,1
1521.0109609478482,1034086.2905282187,899.3863031359726,93.74716999932969,380.6322426028862,0.21181784590386518,361.84515418224083,19.026855334502827,1
1787.6736178392093,769442.3329095563,796.873577087339,138.75004008074467,207.66181258381562,0.14992976961588425,290.60152337906345,19.292933082081134,1
2212.43438325547,724714.1756147848,707.9859890745596,34.1338868728955,321.8571249273993,0.07788916189456899,216.5357359231807,2.554688588873205,1
1885.8807350449802,626932.4389219204,921.6030871225713,79.23609828380233,348.35993152605215,0.14640879482932803,126.5329801807163,20.34385927560033,1
151.7441618883814,46221.93467241728,23.58956440651471,162.2351418253794,11.6832527916777,0.012865935472939268,443.6274849102204,160.38168615477608,0
2117.8251375311243,613312.5600977822,788.091738733956,35.01313425040481,206.9756614992903,0.15282253399244716,278.9844555263684,6.151500498329917,1
175.7984934213662,53325.32313097641,13.785380324222258,194.38845995616427,10.76084226139081,0.006621626686497379,480.63124583503765,107.1969019824701,0
1608.7074351508115,537337.5001182915,725.0150663728458,31.54067079104775,333.91898691276435,0.18111637529902502,137.9903421108975,11.940049449153868,1
188.9516341106823,50537.52562990502,0.0,159.33500952101045,16.91447547580846,0.005135776268007714,641.3524351800977,81.41410308533642,0
2160.700764002275,992783.5425382693,702.904362729278,33.67544261844222,152.71749015303146,0.251332128008908,159.72238352833898,1.0,1
2518.877236277496,866937.614608978,1059.2516825873618,56.20072101439238,390.5368041646575,0.07725985832008765,243.0133737591503,14.195049076503631,1
219.98871133617183,38425.35367766578,14.519270667551769,137.51814964613783,16.54087544362541,0.019984679046229997,504.89383927081116,179.51791743187277,0
1684.0950706346548,954858.9337266035,1174.1278513691846,12.147827283569278,232.0527571385931,0.13281343057209147,277.34689209407014,17.617269286479644,1
150.65714607858814,46047.55854996528,11.731908946069264,166.0652254706371,11.346437623993898,0.0042855042907173554,344.9748579714713,70.5730567674016,0
236.87577842335432,57538.550699336825,24.84453439248422,148.75235895411976,15.914643767694788,0.027423138461962336,488.141241117517,62.07329914789372,0
2298.84929529191,777729.1897389551,1046.3856648415745,77.45212262504268,333.79641936723806,0.08565298466086195,156.44312879886098,6.192717281563129,1
2215.8938069025403,835730.0981093019,628.8175107616173,84.43902662564675,477.2522931202136,0.2399155711465259,125.37733871759569,1.0,1
1697.9987909200784,809490.5382261862,845.1885388178105,4.6058194535073795,264.21218887557916,0.19188938776604295,267.56765757080734,14.825255423070022,1
141.1692640285349,61091.69811492132,22.10534670789247,195.9809902418054,8.740738939100442,0.018445708597164795,478.0009082286623,93.79075524246629,0
268.13213199016707,65588.16247799086,6.417366051412106,258.0055593670007,15.494577393815554,0.007492810872777245,480.95882429899547,91.08074613595764,0
2424.924954108852,763425.6124217642,710.433067581009,49.27814619019799,331.28831075966104,0.13056670563763095,222.24969757835044,6.895341909233437,1
1898.664369099134,1043114.7003162538,711.7104245967578,61.71423929936645,367.01040917371586,0.22041651776488108,364.44488350077336,15.047618599297719,1
180.3129413887714,35782.36350655427,10.180901540491968,269.55326665657697,9.059006554398314,0.0,499.29002380908577,105.95004324663034,0
234.89084195000024,38148.15419467683,29.26855913576541,251.39792491520552,13.96613918224053,0.028016426043465062,424.2685354526178,103.37085142631884,0
2716.956751361557,780646.6819079283,956.0116672260716,0.0,381.98907713290134,0.2157399564687813,87.27618151243207,12.961038867913711,1
2369.9932989288354,806391.3835640054,944.2824747118586,99.14196561476459,374.0681033995353,0.12163029121235978,205.37780703875998,3.3643609524929303,1
1970.65808216929,806184.6447888316,833.6348449562678,26.153840271108603,203.47100471806533,0.16523544985787544,226.7378069711957,4.958822537569747,1
297.550628006315,55362.96969180894,33.684693937651296,195.96412821193013,23.547673078131343,0.0067812728981005545,498.0295144154598,72.41988942646189,0
2492.2231903726806,738072.5377696623,828.4062058002278,30.254398112373757,345.44586229434543,0.12881862507039257,201.74078726378616,4.765425450810774,1
2382.5561065367874,746808.6476273907,1033.0406316921799,61.022775376034446,226.9241557047435,0.14992665532305957,87.0320246732773,12.868350164880448,1
211.27799197550902,54072.638937354684,37.43621867291566,188.62794855543808,12.342715488466025,0.0,426.7130616771411,69.2318171454951,0
2059.961318956244,730559.019926121,511.19508602405335,58.634630249566634,297.3716042457889,0.19751351941681206,129.56702883789714,3.984444014299936,1
169.01670329356932,56445.5841198398,12.37804068962751,132.3007229287009,14.799379710983354,0.013924989370016138,658.7429328141147,137.55395266541717,0
2116.1742062734174,864068.1375272183,813.311398087244,97.95711853434219,417.57860250752543,0.17310508287592533,244.15397014051763,12.435444566687616,1
1519.690053630773,679308.2815502035,1224.8155172357879,58.10191434747872,484.0765802234795,0.13241210176557092,20.0,4.929170175101585,1
211.6084944813128,41462.40777412588,16.526171664014683,132.6496361175922,10.118073961168708,0.006779773713618654,604.9268348885811,127.52486576782002,0
1700.856469021236,745375.3444498389,915.7116517568362,36.253164837749594,458.9866171824908,0.13606770879251467,307.36242765955814,1.0,1
2029.5303533625538,782001.924524857,818.5579725282083,60.9038745939436,366.0678211538232,0.17540097082306835,184.23573784886216,4.379481993906156,1
2177.216469702363,754152.9675730448,759.4452858470671,67.82562662276845,263.19328552361907,0.14211985038039404,145.33743258700946,1.0,1
1993.5809503666608,913819.4347247239,417.5514688962325,0.0,498.0886400421964,0.2262698834437295,155.81219241373188,3.523261645672088,1
1778.399621646541,782821.6420116331,911.147660319881,65.12697289640965,374.9912918321618,0.10071763312883544,171.52017755902224,10.0652462866671,1
125.27971900903468,44126.79237236221,32.597058528804055,181.2453941177991,14.971162269086085,0.015527285008997627,501.1123302881161,142.4556977624667,0
2441.609554312671,753327.5854280966,983.7638133570092,61.663351609928554,275.3686276417768,0.16935991778518258,114.80586554059906,7.788259744405474,1
2649.136498945678,708481.2438487902,809.411044180705,44.66626966178518,334.44774767250533,0.16088907564099686,34.090340414123574,14.978299765239326,1
157.4231405407116,48586.04497856198,16.028056900829263,162.3474202441727,19.63625253672943,0.002320445662598489,525.6548221854165,190.3366245797211,0
1979.4647989852817,1007615.8769758885,756.2467424421226,10.696110358293126,302.8698109079394,0.09443950359987587,191.8954906125845,15.558683294242279,1
1262.1371111935096,767791.8697098704,1015.4880724505848,52.3417464278726,225.0445863810363,0.10969892268791362,265.92045709933484,7.618062887847637,1
169.3951600470096,53268.43470388023,16.881086877446002,113.3296826803905,21.925298135243203,0.004854011607158514,628.6766003957055,100.65646762307371,0
2094.0454799218473,747841.7157235631,952.6565092951225,34.477461304415385,467.8609244388215,0.1413428515495398,160.4630952336141,5.569298482802178,1
1343.855183776088,539503.6831350138,1094.8015460244685,42.71226255160356,432.4655676548632,0.1687840461261416,287.45872734852134,10.294075099912277,1
1246.6686395092706,1091396.285963905,781.8131195125172,0.0,388.4933261964115,0.169343227222173,87.32906066034187,8.769466569221006,1
1251.5518948702388,880020.7268920888,1116.1493417640615,47.717561106500035,297.3356313206795,0.12947783044995229,186.12266420658284,10.691119035771363,1
183.81041478566996,36030.37942248869,16.842105138449945,165.22178648705005,19.49615535905555,0.0,602.7604361401173,145.5665066355927,0
1693.4795519122863,833839.947583726,767.3347436369162,66.53523144782383,243.7695424443456,0.1236982294728443,193.1017930311825,16.936431335734117,1
209.16172186109532,62487.57772410507,20.827182018631888,166.82433850349224,16.94979972098874,0.01229182834784173,569.6330881401715,143.98635496881434,0
180.7877043559715,43082.30256997687,30.489528663614422,130.78959409605693,10.557076876215188,0.015664013526592448,528.6830870146676,54.12430071805345,0
115.72013413075959,50396.93526597562,17.296034441966416,224.88512079339628,9.573823544289285,0.016236420996116514,511.43491098205965,18.65366678021367,0
2197.8772534181026,544528.028667884,1102.9646563121978,87.68472481195332,401.903828001661,0.14860264931005898,270.38117825018844,4.857174257756752,1
2332.4513740994926,857010.334261881,743.079342502973,64.8232047118173,365.2530172699025,0.23230793743882214,158.2141738624297,14.042348686116735,1
180.26974385702053,48175.001573497386,22.86891118292605,137.78264876177184,18.903405449628888,0.015541614850821731,590.7595569308995,141.60523867832896,0
71.66707795343513,39282.98673138255,16.34283214353791,137.7461414598617,14.994150054965626,0.0044079752627427995,315.2129880194583,102.07516769377825,0
204.18105387052788,52383.88374837425,11.239405358894215,197.93238823025516,21.70557805840643,0.02872234675636453,481.7544090272132,84.9091023543773,0
191.01942930842708,49450.65133797082,17.403859686542255,190.128180411814,16.261729156707236,0.02083730780607375,525.4190676557657,150.6849932807023,0
210.99983419858825,49777.52205150789,17.86203138150044,217.40435044091134,15.93570993385108,0.01944322352118264,646.3926404514334,119.7073546922021,0
204.52924534508728,47959.304849515654,19.121643213963004,171.1737570703487,11.516700437472768,0.011451667803970127,351.86699392498633,97.75896437109483,0
155.28269769612356,57368.36530920051,25.457937598499527,213.9149315798937,3.2501439237769176,0.010143896931522326,337.27921934495726,120.25680954097409,0
2223.5789148899303,800369.7141649561,907.2525226842379,67.26586555739927,442.843114673983,0.13834362410684675,45.10252692553007,13.789542210164754,1
1542.1997530273159,805896.9518454128,818.5945085644955,87.55715635507877,283.75999800942765,0.07728628375723642,232.32821996510017,12.765748106639997,1
2031.5208961889766,833836.024584286,832.226670356975,0.0,444.89632861644577,0.048128174715477354,123.36286219810628,11.135452466894296,1
1459.4993023614588,716173.7049607809,505.8979052125757,60.27198793852778,161.17866634546627,0.14417768463531677,236.66677069126493,9.748415853636448,1
2928.092150057142,719263.7660692103,817.1722838326482,68.1823387612302,111.1295370844571,0.16976930424481898,112.81851743126165,15.620533919797701,1
171.92584866085582,51975.56282527503,2.959003743525944,122.82007046546127,17.13384461108752,0.011347380435175533,373.2394731271293,101.37306814869355,0
1679.7971597617325,839728.9263584183,641.6979398084598,83.45088873142119,289.0760658753003,0.19288893255837924,229.80754811966963,12.09805129891685,1
2357.8283960459044,504435.01942948735,668.088421271446,68.29338901918035,242.41089829700675,0.17086122272097648,137.33621995880824,18.46577544633568,1
213.9287957255903,53664.511465715506,16.29629390338893,203.5940098526109,12.259204375781485,0.005804161573489986,468.4346291159386,82.99357110211119,0
2549.235253042462,864758.6279201155,658.8968855934504,25.51698575703352,459.12672056641304,0.2381363358864638,226.22967055448,14.445981145222841,1
234.95983658474438,50109.855135275255,18.809714933998748,146.05900098589436,8.350544887797094,0.007593297213642788,261.3958527635931,169.32880662042894,0
148.00079468797523,45138.05869300953,29.80190871671822,276.71222144465787,17.713381732801643,0.009466570377532721,573.8945904123447,166.36385776376736,0
1772.0758302708803,945526.6447713051,666.4826598307648,43.55024689431982,392.77246199991373,0.2941641777890414,252.43532131757527,10.330111735882376,1
154.24219420770368,45500.29618135351,40.132464547946,247.10277799501642,18.61631529911885,0.0067484059699624566,478.4244376652179,102.12470393568098,0
1579.7788015713904,717337.7288268529,848.4126162759475,69.93133678839494,258.8315991154351,0.10483926742460187,178.4176028209016,8.551343357848049,1
2416.9424262901102,784511.9554308621,814.525170693845,12.969632885076201,465.953259975856,0.1632262620054127,153.50611250605252,10.031619949083526,1
1516.6903042295785,810879.2078953951,478.0297633336122,14.313446476009624,448.2069037796416,0.22948649223566991,252.80930982770823,4.4279429905374235,1
2753.8038784059786,665048.0134853596,727.4325598733025,45.073285881949005,321.0685713469051,0.18324125809767627,153.03438373568451,8.218172468896892,1
2403.9894598156225,650362.638453526,915.8676540841776,41.762312207997056,319.5049980195078,0.16100832978560814,75.4680436608839,5.621688834570669,1
203.0852317025184,77674.3589203226,29.375229217497576,148.75430030868884,9.392169693611706,0.002292748485017913,616.6546705747209,115.3169335567426,0
2316.603268778608,808712.9609887656,904.6945510294101,38.80188614733892,223.85141709210774,0.15501579710793542,285.46743815611467,6.3294954988490915,1
2239.8067960263047,815773.6826783908,764.4839860396544,84.22703355225839,285.5178921990353,0.15133344964759454,89.94874509576013,5.936549809488179,1
2027.5214502780257,946358.3969752389,490.8400808001285,46.623006609689554,362.64400860615683,0.20842444654142342,214.68873315122758,12.389904819211102,1
182.8829530668059,60240.98839841025,21.705081860196493,214.71102082104727,14.299622793875196,0.00902496771083243,463.9672412574013,162.03650803151987,0
173.93385406813576,51014.474306500495,14.775875685689767,161.4502024880985,22.084722078953234,0.0060103522467308355,652.0953733391063,194.96527599444227,0
2339.3967396306407,897689.9457516025,763.5345974864041,23.27377579440812,195.19781187263732,0.0915198582515725,314.0549787935451,15.726697152670525,1
165.12880883498616,63120.25262219914,21.61919367285068,153.9481549455942,14.000729689494378,0.004676221507007669,482.7779861905902,176.79822317929862,0
208.2195351488651,46154.498899820836,28.88983180404648,154.90716296332485,21.479763441421326,0.0003454332208813575,350.26532512797326,136.7728283410352,0
1827.8728150111122,688654.8323549214,696.3845253513213,62.24571408260521,357.1207270150449,0.1853779876272993,186.92601206678407,5.495133150548445,1
2603.230873817638,963004.2220152195,1171.243313479057,32.162931690506824,197.9593243911189,0.04295583146818591,137.0829034580148,16.96837111228141,1
232.3742345354737,54354.58335957418,11.870259753598194,84.87784148996798,17.128572972924538,0.02499826797228811,246.35699950519947,115.29706968016322,0
2009.5138637735422,907154.7975161036,716.585239569186,15.341976704308223,225.624102564503,0.08844858316968608,162.22668347623664,12.344092082452086,1
2015.71472862822,724838.0795588702,851.0806222542838,80.65063360806468,255.00169883708193,0.1287106181863706,245.54918043214786,11.465002739869686,1
211.15610092030832,47003.469359446346,5.227920365389684,192.45492516486644,14.72825967432964,0.0,467.3686544528756,109.58214864917858,0
2142.381872100724,964312.0688922434,562.6227050678575,73.141415796514,346.42105948193796,0.1515859066478905,64.97797056965385,16.896106262118995,1
1995.7021718365222,812635.0558589089,799.894097298827,0.0,299.0484814516528,0.11982480422527894,237.62973714615924,2.28133959716922,1
2090.951995439367,673633.4067603943,633.3481950235652,48.437382040804984,333.2099478139988,0.10526365721859358,329.0617303431079,7.60094557320752,1
2708.839593371768,828825.6371992704,636.4099849456384,40.13053124743992,352.13510495946144,0.11469064019372212,74.2850228980793,3.6858313510776846,1
1949.5022482260877,833485.6904262244,656.7672273654707,65.81547621895778,427.50461182058257,0.1406513648239732,169.06946125087842,8.366631769575006,1
1616.2501083032444,907355.3510988571,686.5439652177977,43.323523494595115,184.780555312409,0.1212242489362213,177.11381252828457,7.289671912459582,1
2051.2424499741755,685686.4725024849,980.2553479119349,34.54030314386468,447.64774059167223,0.07834544965981687,194.9714700508581,16.63433478409888,1
2168.005105468866,973651.2740421091,1336.8753213592672,52.805878518296254,294.36388987810795,0.15701326236412538,166.71338882236688,11.514394582147453,1
1508.2396392061346,703835.6925888729,428.66195136232295,6.826975665741038,522.1803904642779,0.08754092026836642,287.63061609920476,2.0287108129703393,1
2101.0807883227435,1082397.3533979072,942.1004827327283,45.79908062138692,385.6572860009898,0.22331087870110833,269.4666253864185,7.6984780771873496,1
1618.0286189771834,1229339.5365926782,816.9616745699622,72.77995193802322,300.9508090915318,0.26729557913771285,218.26625869493387,11.862515449369166,1
2856.508886181606,755757.4707390941,937.1043852945645,35.315167662289376,529.3505323325863,0.18652588196651054,85.24632807939518,8.196919366030754,1
189.79657077805754,49154.80118488526,27.04190345123167,219.67577358802382,20.365046429808285,0.027608811400323036,483.3204533907125,108.49855116862747,0
193.86576812524365,53920.109373657564,30.585528161418154,190.01190690659357,16.601458420036124,0.029209008220860214,449.42578954230595,108.11358330810718,0
2034.0995085437744,710694.135730263,713.1393473159393,63.19914686453538,307.0471616488479,0.1856604781737791,223.96737075605094,13.542862343363812,1
2064.5623379080184,1036754.4603355245,729.1409141791988,24.051215177497614,320.97424333574963,0.1468213996322422,207.81971463435355,2.840203610064183,1
1679.2612039840042,832516.2195039215,577.5033103552579,87.86933937884845,335.61044924308067,0.1731078909854463,166.13266165325768,7.0591896341045635,1
231.64289573036532,44829.8577504564,19.383346807934593,192.526624293294,18.522058342780493,0.012522642640034325,421.4979594733128,59.810370463647935,0
222.23634090976165,55509.243808935404,27.72211477352505,142.202646575196,21.576183143721405,0.010267934431194383,527.443556939421,185.2110420291345,0
115.6765924382949,46113.66818933182,36.426602934362336,174.1554387362182,15.940370171495186,0.0,440.14413270953213,19.141669176142187,0
2157.127410485964,849652.9587205251,968.4101337789693,53.006241119482155,372.9625991918525,0.08275501517997538,289.163719270471,1.0,1
2405.635649883906,489933.46630859043,1079.4840304325137,60.49051774750387,229.97437548107007,0.10510680356534308,148.64737608714358,7.864866677894132,1
2113.239567739718,723445.2267414432,820.9330731101156,56.36351579209909,184.7629823995191,0.07821867627497385,151.1566249610218,13.310539982580668,1
2464.934627124462,680869.3427600474,937.7615769098941,92.31253905849015,439.79702415840393,0.1649676695184938,240.60054858216222,7.744845932271019,1
127.64437637884564,58454.831084818536,42.106408773932394,148.4097567950088,14.548551269465928,0.020170218064181913,527.029494670783,110.22666434905317,0
216.9937680596352,50926.79446029004,20.079940295488132,135.7606020264312,13.08669869567899,0.01124015318605605,374.6170457547089,86.92795849075978,0
161.72323612851434,39428.45125861726,12.637268834616645,126.18115608268423,13.380387630357244,0.005489987705532056,547.9124217963085,57.920553874956546,0
204.19905016572272,53796.87580613984,36.1191047746749,155.3208198498089,16.430974712771583,0.010763068108490466,554.3907202591413,63.545301836946265,0
2189.3359563332087,842034.9172209795,377.36991050929305,88.8248097175146,324.475880958012,0.14982424375715864,170.35680899332314,10.755774649122822,1
1653.5254347472035,637741.7022939904,725.0966054061053,67.39356361568565,80.49202214267157,0.14879548739011805,116.25133637053875,7.054868820044572,1
240.28393196212505,40974.934935567086,17.15900994639217,161.12561409114323,14.826718242935103,0.02098148252187747,541.0815589199456,159.71355514785176,0
157.83848648535644,52559.06850104223,10.071531921660604,146.72955302948762,6.742370023803211,0.024107628543122046,310.90061900967254,192.18808785023776,0
176.41119831808322,48261.622999053834,12.142037306172268,167.8031131624335,16.638002921355643,0.013853159514734911,511.8420321436521,160.51424832594205,0
213.94321423236192,46578.47109267953,30.81450469628532,191.91732707873658,12.223870279148974,0.008955889588643268,663.1045543907952,117.05092484181333,0
211.46056870575342,52386.00790928444,17.424788010902084,170.17116905351205,9.14120824058361,0.0,391.72596861040404,166.32178786624485,0
1145.5945802242613,749428.0643169185,837.130707089054,97.19556220277818,421.8067070048709,0.1369043951039747,57.54768183082558,1.0,1
199.76835138878275,71858.63766417625,38.77136475331642,152.06989212548555,13.044012483396696,0.007377173789839394,432.7353848810507,73.60042241227033,0
1374.807659344367,1014742.1978411885,875.424688254044,78.33236919431114,332.76887049118216,0.15962565060655537,82.88442766119746,15.111511743461637,1
280.8437199249304,44784.613552136165,19.440545679547316,205.7659334860793,27.05622019819842,0.0,442.55330496446624,105.78133330210385,0
2503.911142761429,963808.553768946,518.9766915863012,55.18021930952318,300.6169365334236,0.09546158236608196,126.99150463137669,8.205488641895208,1
2233.6161637021305,953731.8849239962,825.9862257989998,11.975692306816583,244.59324650714623,0.11625761849192093,185.45454336346646,8.09306503905129,1
2412.074159440601,568437.8719330556,1032.3658041141348,54.81090997069415,211.04552206139596,0.24378820139163862,209.05349266347213,10.44991789408148,1
264.36655558025325,35952.08452389672,24.289653911271987,176.70697287229063,14.560204745094115,0.016710124272110008,519.4017449493991,101.33245809094059,0
2408.0293665719473,1085520.1412938335,663.5747460310854,47.107174102631575,201.04706149303775,0.1037797101569109,146.26829863265021,12.587977468075902,1
164.02598833576047,51414.19473340544,30.212222892191328,148.87504632557633,19.941422015513293,0.03800085935914327,257.882214261081,62.939476845047686,0
134.8673941582768,54886.68524467307,23.80023299048613,127.02471167692447,20.132128402736093,0.025568946000974327,548.911433624305,160.29710442469292,0
1428.424733221533,567640.397021583,1108.8276002413295,76.7399769878913,427.71633373547854,0.20740763254646075,205.4341460075815,4.368345699037111,1
216.8787274399467,61825.30741752657,14.562171956472767,167.235770377881,13.710239533794681,0.02490441614100524,518.4146972911574,136.0699311921913,0
1777.434341048359,897175.2009643351,1109.3294366634555,58.123268307960004,333.77968746369913,0.10276643349093487,92.95193722577098,3.298086061591336,1
2553.9627750581003,1081977.5037417943,1083.3453711976172,86.11727786169891,125.09415767284096,0.20555452721931805,226.83488534262352,12.469302869178641,1
2385.256389270021,751765.915005318,1079.9991571813562,7.0598315530269105,338.38858044073595,0.2383965971490792,227.35689216488367,9.967941235611248,1
2348.315038740774,869397.4844368452,764.3334046301686,79.91203660793789,299.38073054900633,0.15428611376206425,258.5575042468591,15.766185190961677,1
280.2127180758571,27858.126289569973,24.654967741662798,209.77334354998703,6.296017843268633,0.01323474083492338,634.4404972090244,132.00343103354268,0
196.543103263693,53240.1252418998,27.528721671488803,167.1608063846511,19.420938693563937,0.028907301761012062,474.49843473401387,113.10598110985687,0
3218.130236804458,593609.727400895,467.74561944537334,58.632064152929594,198.3681709871247,0.12866490541485928,248.05756154352463,10.857663959549242,1
202.71767926951912,35900.30296916124,18.914633673148433,138.63555441881158,17.55699498087186,0.0,614.6106639051748,180.7954030044033,0
1623.9556395861148,753885.7563625152,802.5486730408117,49.27230741370342,386.08983962967113,0.0915367195369215,219.77713420959773,14.189941641390842,1
187.26959151169848,46477.34965050231,7.439452071319618,192.04498971408097,22.974684116703493,0.005839148787334713,587.3574202486363,170.849242010276,0
2784.580729505459,834555.2028709583,456.7404186917777,0.0,220.42421850535004,0.09349490001327643,203.60864009707174,6.928000326501183,1
2045.6349658297302,766237.1495968676,745.8837799727562,72.89211140461278,325.9563928220043,0.12475477185241043,46.93374463469215,1.0,1
213.63226317160644,49627.50747447873,30.33809441398976,200.21070063731082,5.959186432031302,0.022092153926844608,583.8189105425367,228.07871737095536,0
985.4537979195413,648797.7595094452,847.0624452697986,52.89474447673498,358.38343081286666,0.13747879707811694,87.16189808312386,9.040562096137917,1
235.56132898964273,49504.41162448417,12.97245040178796,173.24629659188136,10.648131628544593,0.026428481688531832,555.5069720071346,148.59807564159988,0
2416.130492887914,740798.7642291595,374.3895061403917,88.89091391933067,138.3968584693974,0.14084089201964475,309.4902121442445,9.94747711188042,1
133.97555079214814,47262.96004182232,26.4501668931506,166.06462595750713,11.248123458367605,0.00809777081676901,304.00479167401096,78.23175396481057,0
185.6875633222154,36180.50968636367,19.059848259148445,149.38577939518783,16.69469261231034,0.0,386.17745502497473,70.49096766810887,0
177.11502845215873,53457.2657980158,9.891310821436825,211.00916747402857,11.670238021203541,0.009424453375340812,498.0339812914913,125.46298069965653,0
1703.2117622657372,783638.7576537166,1279.1814791370666,66.11828035868457,371.8175622694739,0.1253054600130946,159.33271083667648,14.062081258209862,1
231.8453141686105,47638.69908222015,26.766145517765253,156.14513329452888,8.380039526349448,0.02382327445896465,390.7464016227884,108.2779518639247,0
1765.4988570896887,890871.6201705679,641.0482376594038,82.7797626691404,107.06462786233416,0.17568967061926163,93.409843452551,4.569584380280867,1
137.4842230538427,55453.232619670605,11.781647035924461,231.23776835121697,15.85169385403394,0.006245998360247668,435.60857876362195,41.38296993857257,0
265.95065988706983,37219.11637288197,0.0,195.28230297849998,12.489374355297606,0.01589350501638341,400.7087626102718,67.86533560335937,0
194.8289943212683,28439.91993940621,12.336846503842944,210.32656868912693,16.157734126391603,0.010010471860825368,561.7133922073585,52.49157792626458,0
215.60047357756218,33126.523055866484,17.648493533855646,198.78909358940194,17.30675055992853,0.0,532.5044741186299,179.5881614696575,0
202.60866593287668,50112.776966186604,21.151313675078097,67.50612025975914,16.362763114857337,0.024778363000082737,390.0329291991191,112.14968770013803,0
1778.221476597315,746078.0465726542,1255.3079386885545,41.347746471204886,390.49599485840486,0.18729322498917161,156.82433865073918,14.806543846585063,1
208.00952966585376,34328.22909414553,35.7537664943554,195.02921190449428,8.72169896852214,0.0033566182042700423,445.05128224390364,63.33081861343465,0
215.57264171517198,51592.97783829641,24.663287721704165,145.32590560306582,13.046145289333394,0.01044187834959586,615.4732102545163,203.7394661508322,0
2183.4286752723847,787170.4397077892,380.7241126179089,89.92944332143054,215.74409508044886,0.18383898889690586,230.8026512256281,10.456002408891376,1
217.63600815131716,31436.88432885543,26.01091837414294,214.74810700926733,16.960151990287613,0.020824214516169486,436.89005499558806,125.24781957373584,0
1776.4451508473417,865788.4138309457,814.9979263825655,88.3778598494936,419.1899844178845,0.14628979047519733,301.37659875217275,10.436684094531497,1
270.3740930656858,46760.1522450357,34.11316985876712,150.0500150407633,13.502570546041925,0.001686343012026947,654.7126279542767,153.04494174611057,0
163.73869677321233,59163.114410745664,20.460581385771157,210.37540835322972,18.13288194895502,0.0036343067262016504,459.3620785262931,164.13812818850045,0
1584.2897483073743,767618.030190812,753.6841442123887,22.565321895937096,238.77537930281807,0.14512222692237142,160.09676021292785,4.389569430512021,1
148.4593139864423,56029.369437552225,27.811812052237418,151.1055856453046,9.546700128153576,0.0,608.2197330599305,89.59632576732793,0
1470.2587868951277,937197.8576110902,826.6315159366102,39.570073665319725,173.60359574352367,0.16173290328174633,214.76157925552502,11.264785241364816,1
95.12745211949292,59996.74019871989,18.87836099889416,166.93506665728785,15.860155683902342,0.004618297834515953,586.4388942678931,65.62454326024559,0
215.80239353221432,42316.443404520876,18.846650051926638,178.32328071300913,8.353506385391004,0.02214721474497781,438.0863957058664,106.96691130226773,0
2365.721650491829,785916.7241167238,919.9800867965799,5.7638560781852135,397.0588466849702,0.13373137429174292,256.10540625645825,6.695870454553445,1
1910.379717506206,602477.2075058741,677.9897261604767,50.27908769961419,389.6328548742946,0.09047392163268105,209.49758044264385,2.596087693637326,1
1895.433080407893,835043.9526866471,741.1170158883363,16.3272038690815,296.1280693522936,0.16253051380788655,132.91746358918203,5.690926435117866,1
230.79897112877478,53270.09868789315,17.57380952599726,173.14200674048828,6.927593729548056,0.006983192238691541,538.0934946848571,132.37591150194459,0
210.13986384488896,57698.56893055355,2.387105953574551,91.89229435458543,14.587042691274197,0.020823430544352473,486.87140623767857,129.34654973621303,0
1641.0379428521228,851505.3508602226,1062.777305193687,25.09458236603026,255.1104533116669,0.23753175150699818,281.6310985025583,9.852927725242122,1
2176.8071598833117,896386.2274909181,1061.0489066820137,45.43864758317457,495.4899591647628,0.07591855641061604,149.2229514351037,11.271214681390894,1
1726.492943139087,837330.6615149686,489.28854764403525,30.4175806675688,191.48748552088333,0.07668107722942648,322.30065355010254,6.894434028980886,1
2440.866255967816,1043950.3553323515,694.9160678875336,55.22014967122871,263.69849956318654,0.18730826167464537,148.53266387001025,11.603595303628978,1
2686.1028410650288,1090415.420045377,898.1319190827983,5.875585614670413,323.24430940059693,0.15864053453152877,230.39386294403587,14.219761495855856,1
195.28687228737215,53605.91677656841,19.120935126307852,176.4829036232041,10.878503958911983,0.0096687394063799,457.5844741769057,189.26626377301577,0
1797.4091540459392,690442.9809903107,589.5615597347305,51.355782635679624,243.43276427999416,0.06986468370598467,319.7345996967322,12.481571977783902,1
225.77052014504054,49602.93717653022,32.49022696873495,147.63602931220368,13.439523399768543,0.01883351637758792,556.2299844726136,124.13097448836577,0
2382.7205079659484,761090.1109246262,817.7805672430866,0.0,203.52794347586035,0.15448185374508436,192.54793632770313,13.933243349928237,1
2202.358824001164,829113.7444254769,550.236254863637,3.9811396319413177,302.34836666822747,0.05383163617634934,115.18656841056311,5.014228011731942,1
1960.3605632527529,961095.4312156606,790.048395672779,0.0,441.11196951636316,0.21755753098862063,138.34249495888378,8.875328114151102,1
230.76283834842806,50326.952252532705,24.853032830631406,188.61375173154997,6.988626363245027,0.002137138783475174,557.668023412991,154.1612824494075,0
2000.1899945466091,870151.7565960662,850.3224506200713,66.04904917821254,289.7096828684029,0.12872464029011857,257.4999679468783,12.798509751518345,1
2381.281953396515,368322.47729894164,688.9579805996832,66.47070003193585,471.83889622788695,0.24490457422587608,197.88913109466986,13.807526662033725,1
1903.585822980806,796936.7330275666,725.870015903254,59.11381602946895,329.3803560759512,0.1908275064097609,393.0462989415895,13.505658498025522,1
202.5571029276081,43699.17489744331,23.044355228138155,201.33008084855052,24.61813610211359,0.014615539179612787,442.1657375138455,116.68595493329812,0
282.5463966115625,40841.76522703562,26.241842724695324,160.28524208702393,19.13626325570251,0.0076986380688836235,490.93418242628246,30.25166672473283,0
1901.4507825007877,551292.2424747206,855.1964414829996,29.1814770975763,340.75970554216343,0.15016522170418867,287.56386201867656,10.961868123684997,1
147.9206183689364,50516.98321428615,13.91752052800883,194.50371998786395,16.587052243997107,0.0,376.2203780537571,135.89178262380088,0
1710.356310758551,617654.5805601977,952.9123344058371,28.860400710969916,389.22514769745777,0.18311299378852017,234.86019548672627,7.1485832909381735,1
221.6297225863076,61049.40488957726,29.747518150865815,155.0708326621546,14.745120673473743,0.008648869690933713,462.61973811870246,118.29466417374266,0
230.95855584876966,47725.80587356116,21.16980234023887,131.368068059645,11.694216356931792,0.0,502.6634180476232,115.15140781105521,0
225.81487860507255,40908.97111396644,18.860836069469162,89.79297766103826,19.936615470134754,0.016606729130022507,504.21736991411507,82.26014520996969,0
1745.092434996579,963449.7218355405,835.0036810699207,23.101022454035657,405.6416122002856,0.12873573974308622,150.5172556673233,20.674320415125194,1
165.95352277980294,62905.63762321174,17.19266599149288,154.89691035155883,11.638420668397927,0.0,493.44534582170377,105.03955205038902,0
198.70685760230717,51286.215924912656,11.102096737028024,176.0633036536888,16.195793422886194,0.019038256886095176,523.0772794955277,72.72979511181512,0
199.46806616909035,56840.37913117381,23.09002356085701,182.718798846545,2.6062174104958284,0.012042209256216355,478.71611895743297,142.9106251367583,0
1675.4730681703988,775068.5129628393,960.1439660682214,74.57090270177162,299.5134281778707,0.08321485801490025,165.0148083378057,7.79712591933462,1
268.5270494307066,56009.592846998974,0.0,244.94348711891547,16.192880550252355,0.009586627190360903,398.13861416005915,102.52913572885667,0
2778.188982345826,641886.4714805397,774.8581080562551,81.28148341798058,412.7386385933994,0.14280090250889202,129.54966681984618,3.626771138446876,1
1609.27609455395,838561.2798012395,803.2210146274532,0.0,301.59092849662846,0.0416552164993437,94.67446626865271,16.524822830813637,1
284.09083096504116,57965.44030519997,8.116111454017306,209.44577049044221,15.979660322219845,0.0,659.2215135759054,156.922588075066,0
1296.7717359985545,632388.793432409,755.1970952956775,51.113244080841994,404.5109418764315,0.12614655677130446,185.41209617949718,10.805908230675781,1
180.5095098422116,31220.112340340922,31.482564245159885,150.5699203899872,18.418143647398605,0.00858220853799603,506.45679743873904,145.85237733545412,0
2571.757056040528,1170952.3705885212,768.1579225121129,50.43800700641645,220.86255974345835,0.08530308589168777,193.9675337596866,11.608009034081837,1
1744.628317092578,736441.4798952612,811.3982503325,59.613372943545144,324.7512855805098,0.17901120676494137,272.3813808359955,14.303773239576675,1
275.5614216638361,55553.602285085755,8.303899975211726,137.7493836683733,10.317010911948755,0.024393357712113765,468.29703802101665,146.65337582964935,0
1555.1388375695371,863447.1107535239,393.2946842064088,96.86413095358489,313.35689145581284,0.2507070795153711,352.1360835519352,8.478819656339619,1
185.34042066756192,52239.67428373448,25.10138715613441,147.0357400294398,7.464416071827561,0.01672729378497746,486.7203547059341,175.89312249877977,0
2268.397318178836,786409.0576008235,478.6082702890886,18.58560901132153,275.84508251443094,0.12561946470915503,205.40870390225646,8.33461004269421,1
1610.2692253532357,526695.222459362,686.5966089836878,18.752390908597576,207.87021838701034,0.1219686550856682,153.28799412087972,11.976039245079257,1
261.3146477824475,59277.42399551205,19.582027721244874,194.44004414525762,13.916533729720397,0.022397069070691236,412.6041149877118,147.73448038622644,0
155.28963240102613,40978.88861818949,35.61186533176482,173.7574599671239,17.644677734789497,0.010188250965810471,381.16209605423285,129.30873236316995,0
1764.704148937274,801331.2157125442,877.697386559834,106.41589178203219,459.18796358216133,0.15623100433211756,255.80972179460733,13.603548650016936,1
150.89902900848497,35529.954235849844,21.074487026973163,195.26762137918456,16.89438456010087,0.009891362533018042,459.1891238322138,142.90606835961626,0
